"","estado","AÑO","tasa","TAX","m_arma_de_fuego","m_decapitado","m_mutiliado","mens_narco","cartel_juarez","cartel_beltranleyva","cartel_sinaloa","cartel_familia_michoacana","cartel_zetas","cartel_otro"
"1","Aguascalientes",2007,3.13453233673117,0,0,0,0,0,0,0,0,0,0,0
"2","Aguascalientes",2007,2.23895166909369,0,0,0,0,0,0,0,0,0,0,0
"3","Aguascalientes",2007,0.447790333818738,0,0,0,0,0,0,0,0,0,0,0
"4","Aguascalientes",2007,1.79116133527495,0,0,0,0,0,0,0,0,0,0,0
"5","Aguascalientes",2007,3.13453233673117,0,0,0,0,0,0,0,0,0,0,0
"6","Aguascalientes",2007,1.79116133527495,0,0,0,0,0,0,0,0,0,0,0
"7","Aguascalientes",2007,1.34337100145621,0,0,0,0,1,0,0,0,0,0,0
"8","Aguascalientes",2007,0.447790333818738,0,0,0,0,0,0,0,0,0,0,0
"9","Aguascalientes",2008,0.438432079198371,0,1,0,0,0,0,0,0,0,0,0
"10","Aguascalientes",2008,0.876864158396742,0,1,0,0,0,0,0,0,0,0,0
"11","Aguascalientes",2008,0.438432079198371,0,1,0,0,0,0,0,0,0,0,0
"12","Aguascalientes",2008,1.31529623759511,0,1,0,0,0,0,0,0,0,0,0
"13","Aguascalientes",2008,0.438432079198371,0,0,0,0,0,0,0,0,0,0,0
"14","Aguascalientes",2008,1.75372831679348,0,2,0,0,0,0,0,0,0,0,1
"15","Aguascalientes",2008,3.94588871278534,0,5,0,0,1,0,0,0,0,0,0
"16","Aguascalientes",2008,0.876864158396742,0,2,0,0,0,0,0,0,0,0,0
"17","Aguascalientes",2008,0.438432079198371,0,1,0,0,0,0,0,0,0,0,0
"18","Aguascalientes",2008,1.31529623759511,0,1,0,0,0,0,0,0,0,0,0
"19","Aguascalientes",2008,0.876864158396742,1,2,0,0,0,0,0,0,0,0,0
"20","Aguascalientes",2009,0.858914675416144,0,2,0,0,0,0,0,0,0,0,0
"21","Aguascalientes",2009,0.429457337708072,0,1,0,0,1,0,0,0,0,0,0
"22","Aguascalientes",2009,0.429457337708072,0,1,0,0,0,0,0,0,0,0,0
"23","Aguascalientes",2009,0.429457337708072,0,1,0,0,0,0,0,0,0,0,0
"24","Aguascalientes",2009,3.0062013639565,0,2,0,0,0,0,0,0,0,0,0
"25","Aguascalientes",2009,2.14728668854036,0,1,0,0,0,0,0,0,0,0,0
"26","Aguascalientes",2009,0.429457337708072,0,1,0,0,0,0,0,0,0,0,0
"27","Aguascalientes",2009,0.858914675416144,0,1,0,0,0,0,0,1,0,0,0
"28","Aguascalientes",2009,0.858914675416144,0,1,0,0,0,0,0,0,0,1,0
"29","Aguascalientes",2009,2.14728668854036,0,2,0,0,1,0,0,0,1,0,0
"30","Aguascalientes",2010,0.420842299027812,0,1,0,0,0,0,0,0,0,0,0
"31","Aguascalientes",2010,1.68336919611125,0,4,0,0,0,0,0,0,0,0,0
"32","Aguascalientes",2010,1.26252689708344,0,3,0,0,0,0,0,0,0,0,0
"33","Aguascalientes",2010,1.26252689708344,0,2,0,0,0,0,0,0,0,0,0
"34","Aguascalientes",2010,0.841684598055624,0,1,0,0,0,0,0,0,0,0,0
"35","Aguascalientes",2010,2.10421149513906,0,4,0,0,1,0,0,0,0,0,0
"36","Aguascalientes",2010,2.10421149513906,0,4,0,0,0,0,0,0,0,0,0
"37","Aguascalientes",2010,2.94589609319469,0,4,0,0,0,0,0,0,0,0,0
"38","Aguascalientes",2010,2.52505379416687,0,3,0,0,0,0,0,0,0,0,0
"39","Aguascalientes",2010,1.68336919611125,0,3,0,0,0,0,0,0,0,0,0
"40","Aguascalientes",2011,2.88796272382743,0,6,0,0,1,0,0,0,0,0,0
"41","Aguascalientes",2011,2.47539662042351,0,1,2,0,1,0,0,0,0,0,0
"42","Aguascalientes",2011,2.06283051701959,1,5,0,0,0,0,0,0,0,0,0
"43","Aguascalientes",2011,2.06283051701959,0,4,0,1,1,0,0,0,0,0,0
"44","Aguascalientes",2011,2.06283051701959,0,2,0,0,0,0,0,0,1,0,0
"45","Aguascalientes",2011,2.88796272382743,0,2,2,0,4,0,0,0,3,0,2
"46","Aguascalientes",2011,0.412566103403918,0,0,1,0,1,0,0,0,0,0,0
"47","Aguascalientes",2011,0.412566103403918,0,1,0,0,0,0,0,0,0,0,0
"48","Aguascalientes",2011,0.825132206807836,0,1,0,0,0,0,0,0,0,0,0
"49","Baja California",2007,2.68943587905809,0,0,0,0,0,0,0,0,0,0,0
"50","Baja California",2007,0.16808974244113,0,0,0,0,0,0,0,0,0,0,0
"51","Baja California",2007,1.6808974244113,0,0,0,0,0,0,0,0,0,0,0
"52","Baja California",2007,2.35325639417582,0,0,0,0,0,0,0,0,0,0,0
"53","Baja California",2007,1.6808974244113,0,0,0,0,0,0,0,0,0,0,0
"54","Baja California",2007,3.69797433370487,0,0,0,0,3,0,0,0,0,0,0
"55","Baja California",2007,2.35325639417582,0,0,0,0,2,0,0,0,0,0,0
"56","Baja California",2007,3.36179484882261,0,0,0,0,0,0,0,0,0,0,0
"57","Baja California",2007,3.19370510638148,0,0,0,0,0,0,0,0,0,0,0
"58","Baja California",2007,3.36179484882261,0,0,0,0,0,0,0,0,0,0,0
"59","Baja California",2007,3.69797433370487,0,0,0,0,1,0,0,0,0,0,0
"60","Baja California",2007,4.37033330346939,0,0,0,0,0,0,0,0,0,0,0
"61","Baja California",2008,4.28082896606455,0,12,0,0,0,0,0,0,0,0,0
"62","Baja California",2008,4.11618169813899,0,10,0,0,1,0,0,0,0,0,1
"63","Baja California",2008,4.44547623399011,0,9,0,0,0,0,0,0,0,0,0
"64","Baja California",2008,3.95153443021343,0,13,0,1,1,0,0,0,0,0,0
"65","Baja California",2008,1.6464726792556,0,4,0,0,0,0,0,0,0,0,0
"66","Baja California",2008,3.12829809058563,0,9,0,0,0,0,0,0,0,0,0
"67","Baja California",2008,3.45759262643675,0,8,1,0,0,0,0,0,0,0,0
"68","Baja California",2008,3.12829809058563,1,6,2,0,2,0,0,1,0,0,1
"69","Baja California",2008,8.39701066420354,0,11,1,0,5,0,0,0,0,1,4
"70","Baja California",2008,26.178915600164,0,68,6,1,6,0,0,0,0,0,10
"71","Baja California",2008,42.3143478568688,0,125,5,1,8,0,0,0,0,0,12
"72","Baja California",2008,13.6657232378215,0,48,2,0,1,0,0,0,0,0,1
"73","Baja California",2009,9.51923967412577,1,34,3,0,1,0,0,0,0,0,0
"74","Baja California",2009,2.74283177051081,0,12,0,0,0,0,0,0,0,0,0
"75","Baja California",2009,5.1629774503733,0,21,1,0,1,0,0,0,0,0,0
"76","Baja California",2009,5.00163440504913,0,17,2,0,0,0,0,0,0,0,0
"77","Baja California",2009,6.29237876764246,0,18,2,1,1,0,0,0,0,0,1
"78","Baja California",2009,3.87223308777997,1,14,2,0,0,0,0,0,0,0,0
"79","Baja California",2009,5.1629774503733,0,26,0,0,2,0,0,2,0,0,1
"80","Baja California",2009,8.06715226620828,0,38,1,0,0,0,0,1,0,0,2
"81","Baja California",2009,6.77640790361496,0,25,0,0,0,0,0,0,0,0,2
"82","Baja California",2009,3.71089004245581,1,13,1,1,0,0,0,1,0,1,0
"83","Baja California",2009,3.38820395180748,1,14,0,0,0,0,0,0,0,0,0
"84","Baja California",2009,13.2301297165816,2,44,10,0,6,0,0,0,0,0,2
"85","Baja California",2010,13.4443488577602,1,53,5,1,5,0,0,0,0,0,5
"86","Baja California",2010,6.32675240365186,0,28,0,1,0,0,0,0,0,0,0
"87","Baja California",2010,4.5868954926476,0,18,1,0,0,0,0,0,0,0,0
"88","Baja California",2010,5.85224597337798,0,24,1,0,0,0,0,0,0,0,0
"89","Baja California",2010,6.80125883392575,2,27,1,0,0,0,0,0,0,0,0
"90","Baja California",2010,4.9032331128302,0,23,0,0,0,0,0,0,0,0,0
"91","Baja California",2010,8.06660931465613,1,32,0,0,0,1,0,0,0,0,0
"92","Baja California",2010,6.16858359356057,2,27,0,0,0,0,0,0,0,0,0
"93","Baja California",2010,5.69407716328668,1,30,1,0,1,0,0,0,0,0,0
"94","Baja California",2010,10.4391414660256,0,30,5,1,1,0,0,0,1,0,2
"95","Baja California",2010,6.48492121374316,2,29,2,0,3,0,0,0,0,0,1
"96","Baja California",2010,4.42872668255631,2,21,0,0,0,0,0,0,0,0,0
"97","Baja California",2011,5.11886310360703,1,17,2,1,1,0,0,0,0,0,0
"98","Baja California",2011,2.32675595618501,0,13,2,0,1,0,0,0,1,0,0
"99","Baja California",2011,5.89444842233537,1,29,1,1,1,0,0,0,1,0,0
"100","Baja California",2011,3.87792659364169,0,18,1,0,1,0,0,0,0,0,0
"101","Baja California",2011,4.49839484862436,0,22,0,1,2,0,0,0,0,0,0
"102","Baja California",2011,4.03304365738736,0,17,0,1,3,0,0,0,0,0,1
"103","Baja California",2011,3.10234127491335,1,18,0,0,0,0,0,0,0,0,0
"104","Baja California",2011,3.10234127491335,0,11,1,0,1,0,0,0,0,0,1
"105","Baja California",2011,4.65351191237003,1,25,0,0,0,0,0,0,0,0,0
"106","Baja California",2011,5.2739801673527,0,26,1,0,2,0,0,0,0,0,1
"107","Baja California",2011,4.03304365738736,1,21,0,0,0,0,0,0,0,0,0
"108","Baja California Sur",2007,0.882415488862593,0,0,0,0,0,0,0,0,0,0,0
"109","Baja California Sur",2007,0.882415488862593,0,0,0,0,0,0,0,0,0,0,0
"110","Baja California Sur",2007,3.52966195545037,0,0,0,0,0,0,0,0,0,0,0
"111","Baja California Sur",2008,0.845034954870908,0,0,0,0,0,0,0,0,0,0,0
"112","Baja California Sur",2008,0.845034954870908,0,1,0,0,0,0,0,0,0,0,0
"113","Baja California Sur",2009,0.810692712602137,0,1,0,0,0,0,0,0,0,0,0
"114","Baja California Sur",2010,0.779032192726332,0,1,0,0,0,0,0,0,0,0,0
"115","Baja California Sur",2010,1.55806438545266,0,2,0,0,0,0,0,0,0,0,1
"116","Baja California Sur",2010,0.779032192726332,0,1,0,0,0,0,0,0,0,0,0
"117","Baja California Sur",2010,3.11612877090533,0,2,0,0,0,0,1,0,0,0,0
"118","Baja California Sur",2010,0.779032192726332,0,1,0,0,0,0,0,0,0,0,0
"119","Baja California Sur",2011,1.49950328953534,0,1,0,0,0,0,0,0,0,0,0
"120","Baja California Sur",2011,0.749751644767671,0,1,0,0,0,0,0,0,0,0,0
"121","Baja California Sur",2011,1.49950328953534,0,1,0,0,0,0,0,0,0,0,0
"122","Baja California Sur",2011,0.749751644767671,0,1,0,0,0,0,0,0,0,0,0
"123","Baja California Sur",2011,2.99900657907068,0,2,0,0,0,0,0,0,0,0,0
"124","Baja California Sur",2011,0.749751644767671,0,1,0,0,0,0,0,0,0,0,0
"125","Campeche",2007,1.27151401717053,0,0,0,0,0,0,0,0,0,0,0
"126","Campeche",2007,0.635757008585263,0,0,0,0,0,0,0,0,0,0,0
"127","Campeche",2007,0.635757008585263,0,0,0,0,0,0,0,0,0,0,0
"128","Campeche",2007,0.635757008585263,0,0,0,0,0,0,0,0,0,0,0
"129","Campeche",2008,3.12517383779473,0,0,0,0,0,0,0,0,0,0,0
"130","Campeche",2008,0.625034767558945,0,1,0,0,0,0,0,0,0,0,0
"131","Campeche",2008,0.625034767558945,0,1,0,0,0,0,0,0,0,0,0
"132","Campeche",2009,0.614668573778362,0,1,0,0,0,0,0,0,0,0,0
"133","Campeche",2009,1.84400572133508,0,1,0,0,0,0,0,0,0,0,0
"134","Campeche",2009,1.22933714755672,0,2,0,0,0,0,0,0,0,0,0
"135","Campeche",2010,3.62784589394355,0,0,0,0,0,0,0,0,0,1,0
"136","Campeche",2010,1.20928196464785,0,2,0,0,1,0,0,0,0,1,0
"137","Campeche",2010,0.604640982323925,0,1,0,0,0,0,0,0,0,0,0
"138","Campeche",2011,0.594935315657805,0,1,0,0,0,0,0,0,0,0,0
"139","Campeche",2011,2.37974126263122,0,0,0,0,0,0,0,0,0,1,0
"140","Campeche",2011,1.18987063131561,0,0,1,0,1,0,0,0,0,1,0
"141","Campeche",2011,0.594935315657805,0,1,0,0,0,0,0,0,0,0,0
"142","Campeche",2011,0.594935315657805,0,0,0,1,0,0,0,0,0,0,0
"143","Coahuila de Zaragoza",2007,0.57648627770497,0,0,0,0,0,0,0,0,0,0,0
"144","Coahuila de Zaragoza",2007,0.384324185136646,0,0,0,0,0,0,0,0,0,0,0
"145","Coahuila de Zaragoza",2007,0.192162092568323,0,0,0,0,0,0,0,0,0,0,0
"146","Coahuila de Zaragoza",2007,0.768648370273293,0,0,0,0,0,0,0,0,0,0,0
"147","Coahuila de Zaragoza",2007,0.384324185136646,0,0,0,0,0,0,0,0,0,0,0
"148","Coahuila de Zaragoza",2007,0.960810462841616,1,0,0,0,0,0,0,0,0,0,0
"149","Coahuila de Zaragoza",2008,0.754015462218076,0,2,0,0,0,0,0,0,0,0,0
"150","Coahuila de Zaragoza",2008,1.31952705888163,0,3,0,0,0,0,0,0,0,0,0
"151","Coahuila de Zaragoza",2008,0.754015462218076,0,2,0,0,0,0,0,0,0,0,0
"152","Coahuila de Zaragoza",2008,0.188503865554519,0,1,0,0,0,0,0,0,0,0,0
"153","Coahuila de Zaragoza",2008,0.188503865554519,0,0,0,0,0,0,0,0,0,0,0
"154","Coahuila de Zaragoza",2008,1.69653478999067,0,2,1,0,2,0,0,0,0,1,2
"155","Coahuila de Zaragoza",2008,0.754015462218076,0,3,0,0,0,0,0,0,0,0,0
"156","Coahuila de Zaragoza",2008,0.188503865554519,1,0,0,0,0,0,0,0,0,0,0
"157","Coahuila de Zaragoza",2008,0.754015462218076,1,4,0,0,0,0,0,0,0,0,0
"158","Coahuila de Zaragoza",2008,1.50803092443615,0,3,0,0,0,0,0,0,0,1,1
"159","Coahuila de Zaragoza",2008,2.07354252109971,1,5,0,0,0,0,0,0,0,0,0
"160","Coahuila de Zaragoza",2008,0.754015462218076,0,2,0,0,0,0,0,0,0,0,0
"161","Coahuila de Zaragoza",2009,1.29487648820617,0,5,0,0,0,0,0,0,0,0,0
"162","Coahuila de Zaragoza",2009,7.21431186286296,0,5,0,0,0,0,0,0,0,0,0
"163","Coahuila de Zaragoza",2009,2.2197882654963,0,6,0,1,0,0,0,0,0,0,0
"164","Coahuila de Zaragoza",2009,2.40477062095432,0,10,0,0,1,0,0,0,0,0,0
"165","Coahuila de Zaragoza",2009,3.32968239824444,0,9,0,0,1,0,0,0,0,1,0
"166","Coahuila de Zaragoza",2009,2.40477062095432,0,8,0,0,0,2,0,1,0,0,0
"167","Coahuila de Zaragoza",2009,1.4798588436642,0,6,0,0,0,0,0,1,0,0,0
"168","Coahuila de Zaragoza",2009,2.40477062095432,0,7,1,0,0,0,0,0,0,0,1
"169","Coahuila de Zaragoza",2009,1.10989413274815,0,4,0,0,0,0,0,1,0,1,0
"170","Coahuila de Zaragoza",2009,2.2197882654963,2,6,0,0,0,0,0,3,0,0,0
"171","Coahuila de Zaragoza",2009,2.03480591003827,0,8,0,0,1,0,0,3,0,0,2
"172","Coahuila de Zaragoza",2009,0.924911777290123,0,2,0,0,1,0,0,0,0,0,1
"173","Coahuila de Zaragoza",2010,3.45021136176392,2,6,0,0,0,0,1,0,0,0,0
"174","Coahuila de Zaragoza",2010,2.90544114674857,1,10,0,1,3,0,0,1,0,5,0
"175","Coahuila de Zaragoza",2010,4.35816172012285,1,15,1,0,2,0,0,8,0,4,3
"176","Coahuila de Zaragoza",2010,9.80586387027641,2,33,0,0,4,0,0,19,0,9,3
"177","Coahuila de Zaragoza",2010,11.4401745153225,0,33,2,0,1,0,0,11,0,10,2
"178","Coahuila de Zaragoza",2010,6.35565250851249,2,19,0,0,0,0,0,12,0,9,0
"179","Coahuila de Zaragoza",2010,5.26611207848178,0,10,0,1,1,0,0,0,0,2,0
"180","Coahuila de Zaragoza",2010,1.99749078838964,0,9,1,0,2,0,0,0,0,1,0
"181","Coahuila de Zaragoza",2010,1.81590071671785,0,8,0,0,0,0,0,0,0,0,0
"182","Coahuila de Zaragoza",2010,4.53975179179464,3,14,1,1,0,0,0,0,0,1,0
"183","Coahuila de Zaragoza",2010,2.542261003405,1,11,1,0,2,0,0,0,0,2,2
"184","Coahuila de Zaragoza",2010,5.08452200680999,2,21,1,0,0,0,0,0,0,2,0
"185","Coahuila de Zaragoza",2011,4.63631910500496,1,15,3,1,1,0,0,0,0,1,0
"186","Coahuila de Zaragoza",2011,8.02439845097012,1,21,1,1,3,0,0,0,0,5,1
"187","Coahuila de Zaragoza",2011,3.38807934596516,1,15,0,0,1,0,0,0,0,3,0
"188","Coahuila de Zaragoza",2011,5.52791893289053,1,17,1,1,0,0,0,0,0,6,9
"189","Coahuila de Zaragoza",2011,7.66775851981589,4,27,1,0,5,0,0,0,0,5,5
"190","Coahuila de Zaragoza",2011,15.8704769363631,1,44,2,0,10,0,0,0,0,13,4
"191","Coahuila de Zaragoza",2011,11.5907977625124,0,25,9,2,2,0,0,2,0,3,2
"192","Coahuila de Zaragoza",2011,8.02439845097012,1,19,5,2,1,0,0,0,0,4,2
"193","Coahuila de Zaragoza",2011,14.9788771084776,0,42,4,5,8,0,0,0,0,7,5
"194","Coahuila de Zaragoza",2011,14.2655972461691,1,33,5,1,8,0,0,0,0,10,2
"195","Coahuila de Zaragoza",2011,4.45799913942785,0,17,1,0,2,0,0,0,0,4,4
"196","Colima",2007,0.82906228081666,0,0,0,0,0,0,0,0,0,0,0
"197","Colima",2007,0.82906228081666,0,0,0,0,0,0,0,0,0,0,0
"198","Colima",2008,3.22781081800796,0,3,0,0,0,0,0,0,0,0,0
"199","Colima",2008,0.806952704501989,0,1,0,0,0,0,0,0,0,0,0
"200","Colima",2008,0.806952704501989,0,1,0,0,0,0,0,0,0,0,0
"201","Colima",2008,2.42085811350597,0,2,0,0,0,0,0,0,0,0,0
"202","Colima",2008,1.61390540900398,0,1,0,0,0,0,0,0,0,0,0
"203","Colima",2009,0.785991123016257,0,1,0,0,0,0,0,0,0,0,0
"204","Colima",2009,3.92995561508128,0,2,3,0,1,0,0,0,0,0,0
"205","Colima",2009,4.71594673809754,0,4,1,0,3,0,0,0,0,0,0
"206","Colima",2009,1.57198224603251,0,0,1,0,0,0,0,0,0,0,0
"207","Colima",2009,0.785991123016257,0,0,0,0,0,0,0,0,0,0,0
"208","Colima",2009,2.35797336904877,0,2,0,0,0,0,0,0,0,0,0
"209","Colima",2009,1.57198224603251,0,2,0,0,0,0,0,0,0,0,0
"210","Colima",2009,4.71594673809754,0,3,0,0,0,0,0,0,0,0,0
"211","Colima",2009,3.14396449206503,0,3,0,0,0,0,0,0,0,0,0
"212","Colima",2009,1.57198224603251,0,2,0,0,0,0,0,1,0,0,0
"213","Colima",2009,0.785991123016257,0,1,0,0,0,0,0,0,0,0,0
"214","Colima",2010,0.766089801046479,0,1,0,0,0,0,0,0,0,0,0
"215","Colima",2010,0.766089801046479,0,1,0,0,0,0,0,0,0,0,0
"216","Colima",2010,0.766089801046479,0,1,0,0,0,0,0,0,0,0,0
"217","Colima",2010,5.36262860732535,0,2,0,2,1,0,0,0,0,0,2
"218","Colima",2010,3.06435920418591,0,4,0,0,0,0,0,0,0,0,1
"219","Colima",2010,6.89480820941831,1,6,0,0,0,0,0,0,0,0,2
"220","Colima",2010,5.36262860732535,0,6,0,0,0,0,0,0,0,0,0
"221","Colima",2010,13.7896164188366,0,9,0,1,2,0,0,0,0,0,1
"222","Colima",2010,10.7252572146507,0,13,0,0,2,0,0,0,0,0,2
"223","Colima",2010,6.89480820941831,0,8,0,1,0,0,0,0,0,0,0
"224","Colima",2010,5.36262860732535,0,5,0,2,2,0,0,0,0,0,1
"225","Colima",2011,5.23019977121612,0,7,0,0,0,0,0,0,0,0,0
"226","Colima",2011,11.2075709383203,1,8,0,0,0,0,0,0,0,0,0
"227","Colima",2011,8.21888535476819,0,7,0,0,0,0,0,0,0,0,0
"228","Colima",2011,1.49434279177603,0,2,0,0,0,0,0,0,0,0,0
"229","Colima",2011,11.2075709383203,0,7,0,1,1,0,0,0,0,0,0
"230","Colima",2011,8.21888535476819,0,5,0,0,1,0,0,0,0,0,1
"231","Colima",2011,7.47171395888017,1,6,1,1,1,0,0,0,1,0,1
"232","Colima",2011,10.4603995424322,1,7,1,3,1,0,0,0,0,0,0
"233","Colima",2011,6.72454256299215,1,8,0,0,0,0,0,0,0,0,0
"234","Colima",2011,8.21888535476819,0,8,0,0,0,0,0,0,0,0,0
"235","Colima",2011,2.24151418766405,0,3,0,0,0,0,0,0,0,0,0
"236","Chiapas",2007,0.552912205172007,0,0,0,0,0,0,0,0,0,0,0
"237","Chiapas",2007,1.65873661551602,0,0,0,0,0,0,0,0,0,0,0
"238","Chiapas",2007,0.221164882068803,0,0,0,0,0,0,0,0,0,0,0
"239","Chiapas",2007,0.110582441034401,0,0,0,0,0,0,0,0,0,0,0
"240","Chiapas",2007,1.43757173344722,0,0,0,0,0,0,0,0,0,0,0
"241","Chiapas",2007,0.552912205172007,0,0,0,0,0,0,0,0,0,0,0
"242","Chiapas",2007,0.331747323103204,0,0,0,0,0,0,0,0,0,0,0
"243","Chiapas",2007,0.663494646206409,0,0,0,0,0,0,0,0,0,0,0
"244","Chiapas",2007,0.442329764137606,0,0,0,0,0,0,0,0,0,0,0
"245","Chiapas",2008,0.540905022811588,0,1,0,0,0,0,0,0,0,0,1
"246","Chiapas",2008,0.86544803649854,0,7,0,0,0,0,0,0,0,0,0
"247","Chiapas",2008,0.540905022811588,0,4,0,0,0,0,0,0,0,0,0
"248","Chiapas",2008,0.324543013686952,0,3,0,0,0,0,0,0,0,0,0
"249","Chiapas",2008,0.108181004562318,0,1,0,0,0,0,0,0,0,0,0
"250","Chiapas",2008,0.540905022811588,0,4,1,0,0,0,0,0,0,0,0
"251","Chiapas",2008,0.757267031936223,0,5,0,0,1,0,0,0,0,0,0
"252","Chiapas",2008,0.43272401824927,0,2,1,0,0,0,0,0,0,0,0
"253","Chiapas",2008,0.216362009124635,0,2,0,0,0,0,0,0,0,0,0
"254","Chiapas",2008,0.216362009124635,0,2,0,0,0,0,0,0,0,0,0
"255","Chiapas",2008,1.29817205474781,0,7,0,0,0,0,0,0,0,1,0
"256","Chiapas",2008,1.29817205474781,0,4,0,0,0,0,0,0,0,0,0
"257","Chiapas",2009,0.635289371661753,1,4,0,0,1,0,0,0,0,0,0
"258","Chiapas",2009,1.16469718137988,0,5,0,0,0,0,0,0,0,0,0
"259","Chiapas",2009,0.635289371661753,0,5,0,0,0,0,0,0,0,0,0
"260","Chiapas",2009,0.952934057492629,0,4,0,0,0,0,0,0,0,0,0
"261","Chiapas",2009,0.741170933605378,0,5,0,0,0,0,0,0,0,0,0
"262","Chiapas",2009,0.529407809718127,0,5,0,0,0,0,0,0,0,0,0
"263","Chiapas",2009,0.105881561943625,0,1,0,0,0,0,0,0,0,0,0
"264","Chiapas",2009,0.529407809718127,0,4,0,1,1,0,0,0,0,1,0
"265","Chiapas",2009,0.317644685830876,0,2,1,0,0,0,0,0,0,0,0
"266","Chiapas",2009,1.69410499109801,0,8,0,0,0,0,0,0,0,0,0
"267","Chiapas",2009,0.423526247774502,0,3,0,1,0,0,0,0,0,0,0
"268","Chiapas",2009,0.635289371661753,1,4,0,0,0,0,0,0,0,0,0
"269","Chiapas",2010,0.622067470267249,0,5,0,1,1,0,0,0,0,0,0
"270","Chiapas",2010,0.103677911711208,0,0,0,0,0,0,0,0,0,0,0
"271","Chiapas",2010,0.207355823422416,0,2,0,0,0,0,0,0,0,1,0
"272","Chiapas",2010,0.622067470267249,0,3,0,1,0,0,0,0,0,0,0
"273","Chiapas",2010,0.933101205400873,1,4,0,0,0,0,0,0,0,0,0
"274","Chiapas",2010,0.933101205400873,0,7,0,0,0,0,0,0,0,0,1
"275","Chiapas",2010,1.14045702882329,0,8,0,0,0,0,0,0,0,0,1
"276","Chiapas",2010,0.311033735133624,0,3,0,0,0,0,0,0,0,0,0
"277","Chiapas",2010,0.311033735133624,0,3,0,0,0,0,0,0,0,0,0
"278","Chiapas",2010,0.829423293689665,1,7,0,1,0,0,0,0,0,1,0
"279","Chiapas",2010,0.414711646844832,0,4,0,0,0,0,0,0,0,1,0
"280","Chiapas",2010,0.51838955855604,0,4,0,0,0,0,0,0,0,0,0
"281","Chiapas",2011,1.11720529673125,0,7,0,0,0,0,0,0,0,0,0
"282","Chiapas",2011,0.710948825192614,0,7,0,0,0,0,0,0,0,0,0
"283","Chiapas",2011,0.710948825192614,0,4,0,0,0,0,0,0,0,0,0
"284","Chiapas",2011,1.32033353250057,1,8,1,0,1,0,0,0,0,1,1
"285","Chiapas",2011,0.406256471538636,0,4,0,0,0,0,0,0,0,0,0
"286","Chiapas",2011,0.406256471538636,0,4,0,0,0,0,0,0,1,0,0
"287","Chiapas",2011,0.609384707307955,0,5,1,0,0,0,0,0,0,0,0
"288","Chiapas",2011,0.914077060961932,0,8,0,0,1,0,0,0,0,1,1
"289","Chiapas",2011,0.101564117884659,0,1,0,0,0,0,0,0,0,0,0
"290","Chiapas",2011,1.01564117884659,0,7,0,0,0,0,0,0,0,0,0
"291","Chiapas",2011,1.01564117884659,0,5,0,0,0,0,0,0,0,0,0
"292","Chihuahua",2007,0.602566723343088,0,0,0,0,0,0,0,0,0,0,0
"293","Chihuahua",2007,3.31411697838699,0,0,0,0,0,0,0,0,0,0,0
"294","Chihuahua",2007,3.7660420208943,0,0,0,0,0,0,0,0,0,0,0
"295","Chihuahua",2007,1.20513344668618,0,0,0,0,0,0,0,0,0,0,0
"296","Chihuahua",2007,2.25962521253658,0,0,0,0,0,0,0,0,0,0,0
"297","Chihuahua",2007,1.65705848919349,0,0,0,0,0,0,0,0,0,0,0
"298","Chihuahua",2007,2.41026689337235,0,0,0,0,2,0,0,0,0,0,0
"299","Chihuahua",2007,4.06732538256585,0,0,0,0,1,0,0,0,0,0,0
"300","Chihuahua",2007,4.36860874423739,0,0,0,0,0,0,0,0,0,0,0
"301","Chihuahua",2007,3.7660420208943,0,0,0,0,1,0,0,0,0,0,1
"302","Chihuahua",2007,3.46475865922276,0,0,0,0,0,0,0,0,0,0,0
"303","Chihuahua",2007,4.51925042507316,0,0,0,0,0,0,0,0,0,0,0
"304","Chihuahua",2008,6.86163454278095,0,22,0,0,0,0,0,0,0,0,0
"305","Chihuahua",2008,11.3366135924207,0,31,0,0,0,0,0,0,0,0,0
"306","Chihuahua",2008,12.9774392439553,0,31,0,0,1,0,0,0,0,0,0
"307","Chihuahua",2008,7.45829841606625,1,32,0,0,4,0,0,0,0,0,1
"308","Chihuahua",2008,25.3582146146252,0,88,2,0,11,0,0,6,0,0,6
"309","Chihuahua",2008,28.0432020444091,0,106,2,1,5,0,0,4,0,0,8
"310","Chihuahua",2008,27.8940360760878,0,113,2,0,4,0,0,2,0,0,1
"311","Chihuahua",2008,39.8273135417938,0,151,3,0,3,0,0,0,0,0,4
"312","Chihuahua",2008,22.0765633115561,0,93,2,0,1,0,0,1,0,0,0
"313","Chihuahua",2008,39.3798156368298,0,152,4,0,4,1,0,2,0,0,1
"314","Chihuahua",2008,41.1698072566857,0,176,3,1,4,0,1,2,1,0,4
"315","Chihuahua",2008,41.0206412883644,0,178,1,0,0,0,0,0,0,0,1
"316","Chihuahua",2009,30.8732749557618,0,147,3,0,4,0,0,1,0,0,4
"317","Chihuahua",2009,37.0774737506996,0,157,2,0,1,0,0,0,0,0,5
"318","Chihuahua",2009,18.1694393280321,0,80,1,0,0,0,0,0,0,0,0
"319","Chihuahua",2009,18.9080344226675,0,84,0,1,0,0,0,0,0,0,0
"320","Chihuahua",2009,23.6350430283344,0,122,1,1,1,0,0,0,0,0,1
"321","Chihuahua",2009,43.4293915645645,0,215,2,0,2,75,0,71,0,0,2
"322","Chihuahua",2009,48.5995572270127,0,239,3,0,3,78,0,77,0,0,10
"323","Chihuahua",2009,46.9746480188147,0,226,6,1,2,121,0,116,0,0,10
"324","Chihuahua",2009,57.9058554194193,1,254,9,2,3,121,0,124,0,0,16
"325","Chihuahua",2009,52.7356897569712,0,266,3,1,2,116,0,106,0,0,5
"326","Chihuahua",2009,50.5199044730648,1,232,3,1,1,91,0,79,0,0,1
"327","Chihuahua",2009,55.2469130787317,1,254,5,0,3,40,0,42,0,0,4
"328","Chihuahua",2010,50.3271336839359,0,236,4,1,2,77,0,92,0,1,15
"329","Chihuahua",2010,40.6713464073668,0,202,3,0,1,103,0,103,0,0,9
"330","Chihuahua",2010,53.6920292500131,0,244,3,1,2,101,0,100,0,0,1
"331","Chihuahua",2010,44.7677410095477,0,216,1,0,1,113,0,111,0,1,6
"332","Chihuahua",2010,59.3977217316221,0,259,4,0,4,120,0,123,0,0,13
"333","Chihuahua",2010,60.8607198038295,0,264,4,1,5,88,0,88,0,0,8
"334","Chihuahua",2010,56.6180253944279,0,239,5,2,4,92,0,90,0,0,6
"335","Chihuahua",2010,63.2015167193614,1,262,7,2,6,7,0,10,0,0,11
"336","Chihuahua",2010,49.0104354189492,1,206,3,2,5,1,0,4,0,0,8
"337","Chihuahua",2010,61.4459190327125,1,274,5,0,6,5,0,8,0,0,12
"338","Chihuahua",2010,38.0379498773934,1,159,3,4,3,1,0,5,0,0,4
"339","Chihuahua",2010,43.0121433228987,0,171,5,1,2,2,0,3,0,0,5
"340","Chihuahua",2011,42.0232057938698,0,203,2,0,7,4,0,3,0,0,5
"341","Chihuahua",2011,37.3861623959255,0,156,1,0,3,4,0,0,0,1,7
"342","Chihuahua",2011,35.3574559093249,1,157,4,1,5,6,0,0,0,0,11
"343","Chihuahua",2011,34.9227330907677,2,161,4,5,6,21,0,0,0,0,21
"344","Chihuahua",2011,30.5755049051949,0,132,5,7,9,7,0,1,0,0,8
"345","Chihuahua",2011,35.2125483031392,2,156,1,1,2,3,0,0,0,1,10
"346","Chihuahua",2011,36.516716758811,2,173,1,1,2,1,0,1,0,0,4
"347","Chihuahua",2011,32.6042113917955,1,148,1,1,4,6,0,0,0,0,9
"348","Chihuahua",2011,34.1981950598389,0,161,1,1,1,44,0,0,0,1,39
"349","Chihuahua",2011,31.8796733608667,0,145,4,2,4,2,0,0,0,0,14
"350","Chihuahua",2011,24.1995702330216,1,114,6,2,3,2,0,0,0,0,5
"351","Distrito Federal",2007,0.569912116702044,0,0,0,0,0,0,0,0,0,0,0
"352","Distrito Federal",2007,0.284956058351022,0,0,0,0,0,0,0,0,0,0,0
"353","Distrito Federal",2007,1.13982423340409,0,0,0,0,0,0,0,0,0,0,0
"354","Distrito Federal",2007,0.854868175053066,1,0,0,0,0,0,0,0,0,0,0
"355","Distrito Federal",2007,1.19681544507429,1,0,0,0,0,0,0,0,0,0,0
"356","Distrito Federal",2007,1.13982423340409,0,0,0,0,2,0,0,0,0,1,0
"357","Distrito Federal",2007,0.455929693361635,0,0,0,0,0,0,0,0,0,0,0
"358","Distrito Federal",2007,1.08283302173388,0,0,0,0,0,0,0,0,0,0,0
"359","Distrito Federal",2007,1.08283302173388,0,0,0,0,0,0,0,0,0,0,0
"360","Distrito Federal",2007,0.854868175053066,1,0,0,0,0,0,0,0,0,0,0
"361","Distrito Federal",2007,0.740885751712657,0,0,0,0,0,0,0,0,0,0,0
"362","Distrito Federal",2007,0.968850598393475,0,0,0,0,0,0,0,0,0,0,0
"363","Distrito Federal",2008,1.02280758636843,0,9,1,0,0,0,0,0,0,0,0
"364","Distrito Federal",2008,0.68187172424562,0,7,0,0,0,0,0,0,0,0,0
"365","Distrito Federal",2008,0.397758505809945,0,3,0,1,0,0,0,0,0,0,0
"366","Distrito Federal",2008,0.45458114949708,1,4,0,0,0,0,0,0,0,0,0
"367","Distrito Federal",2008,0.965984942681295,0,10,0,0,1,0,0,1,0,0,1
"368","Distrito Federal",2008,0.22729057474854,0,2,0,0,0,0,0,0,0,0,0
"369","Distrito Federal",2008,0.79551701161989,0,6,0,0,0,0,0,0,1,0,0
"370","Distrito Federal",2008,0.68187172424562,1,8,0,0,1,0,0,0,1,0,0
"371","Distrito Federal",2008,0.625049080558485,0,5,0,0,0,0,0,0,1,0,0
"372","Distrito Federal",2008,0.738694367932755,0,10,1,0,0,0,0,0,0,0,0
"373","Distrito Federal",2008,0.738694367932755,1,13,0,0,0,0,0,0,0,0,0
"374","Distrito Federal",2008,0.56822643687135,0,8,0,0,0,0,0,0,0,0,0
"375","Distrito Federal",2009,0.509895716128137,0,6,1,0,0,0,0,0,0,0,0
"376","Distrito Federal",2009,0.906481273116689,2,8,1,0,0,0,0,0,0,0,0
"377","Distrito Federal",2009,0.793171113977103,0,9,0,0,0,0,0,0,0,0,0
"378","Distrito Federal",2009,1.07644651182607,0,11,0,1,2,0,0,0,2,0,0
"379","Distrito Federal",2009,0.623205875267724,0,9,1,0,0,0,0,0,0,1,0
"380","Distrito Federal",2009,0.396585556988551,0,5,0,0,0,0,0,0,0,0,0
"381","Distrito Federal",2009,0.339930477418758,0,5,0,0,0,0,0,0,0,0,0
"382","Distrito Federal",2009,0.566550795697931,0,7,1,0,1,0,0,0,0,0,0
"383","Distrito Federal",2009,0.623205875267724,0,8,0,0,0,0,0,0,0,0,0
"384","Distrito Federal",2009,0.906481273116689,0,8,2,0,0,0,2,0,0,0,1
"385","Distrito Federal",2009,0.169965238709379,0,3,0,0,0,0,0,0,0,0,0
"386","Distrito Federal",2009,0.509895716128137,0,9,0,0,0,0,0,0,0,0,0
"387","Distrito Federal",2010,1.29923544513134,0,16,0,1,1,0,0,0,0,0,1
"388","Distrito Federal",2010,0.621373473758466,0,7,0,1,0,0,0,0,0,0,1
"389","Distrito Federal",2010,0.790838966601684,0,9,1,0,2,0,0,0,1,0,2
"390","Distrito Federal",2010,0.677861971372872,1,6,0,0,0,0,0,0,0,0,0
"391","Distrito Federal",2010,0.790838966601684,0,8,1,0,1,0,0,0,0,0,0
"392","Distrito Federal",2010,0.451907980915248,0,6,0,0,2,0,0,0,0,0,0
"393","Distrito Federal",2010,0.451907980915248,1,4,0,0,0,0,0,0,0,0,0
"394","Distrito Federal",2010,0.56488497614406,0,7,0,0,0,0,0,0,0,0,0
"395","Distrito Federal",2010,0.451907980915248,0,5,1,0,0,0,0,0,0,1,1
"396","Distrito Federal",2010,1.69465492843218,0,15,0,0,3,0,0,0,0,0,3
"397","Distrito Federal",2010,1.12976995228812,0,12,1,1,3,0,0,0,0,1,2
"398","Distrito Federal",2010,1.12976995228812,1,10,1,2,2,0,0,0,0,0,3
"399","Distrito Federal",2011,1.29542652481558,0,14,1,0,1,0,0,0,0,0,0
"400","Distrito Federal",2011,0.844843385749294,0,11,0,0,0,0,0,0,0,0,0
"401","Distrito Federal",2011,0.675874708599435,0,8,1,1,1,0,1,0,0,0,1
"402","Distrito Federal",2011,0.957489170515867,0,16,0,0,2,0,0,0,1,0,0
"403","Distrito Federal",2011,0.675874708599435,0,12,0,0,0,0,0,0,0,0,0
"404","Distrito Federal",2011,0.45058313906629,0,6,1,0,0,0,1,0,0,0,0
"405","Distrito Federal",2011,0.506906031449577,0,7,0,0,0,0,0,0,0,1,0
"406","Distrito Federal",2011,0.957489170515867,0,13,1,0,0,0,0,0,0,0,0
"407","Distrito Federal",2011,0.506906031449577,0,6,0,0,0,0,0,0,0,0,0
"408","Distrito Federal",2011,1.74600966388188,0,26,1,0,1,0,0,0,0,0,2
"409","Distrito Federal",2011,1.01381206289915,0,14,1,0,2,0,0,0,0,0,1
"410","Durango",2007,1.91437693890489,0,0,0,0,0,0,0,0,0,0,0
"411","Durango",2007,1.91437693890489,0,0,0,0,0,0,0,0,0,0,0
"412","Durango",2007,3.19062823150816,0,0,0,0,0,0,0,0,0,0,0
"413","Durango",2007,0.319062823150816,0,0,0,0,0,0,0,0,0,0,0
"414","Durango",2007,3.19062823150816,0,0,0,0,1,0,0,0,0,1,0
"415","Durango",2007,3.50969105465897,0,0,0,0,0,0,0,0,0,0,0
"416","Durango",2007,1.91437693890489,0,0,0,0,0,0,0,0,0,0,0
"417","Durango",2007,1.91437693890489,0,0,0,0,0,0,0,0,0,0,0
"418","Durango",2007,1.27625129260326,0,0,0,0,0,0,0,0,0,0,0
"419","Durango",2007,3.82875387780979,0,0,0,0,0,0,0,0,0,0,0
"420","Durango",2007,3.19062823150816,0,0,0,0,0,0,0,0,0,0,0
"421","Durango",2007,2.23343976205571,0,0,0,0,0,0,0,0,0,0,0
"422","Durango",2008,3.76987075312279,0,7,0,0,0,0,0,0,0,0,0
"423","Durango",2008,5.96896202577775,1,12,0,0,1,0,0,0,0,1,0
"424","Durango",2008,3.45571485702922,0,5,0,0,0,0,0,0,0,0,0
"425","Durango",2008,1.57077948046783,1,3,0,0,0,0,0,0,0,0,0
"426","Durango",2008,3.76987075312279,0,3,3,0,3,0,1,1,0,2,3
"427","Durango",2008,6.59727381796488,1,12,2,0,2,0,0,1,0,1,1
"428","Durango",2008,3.14155896093566,0,10,0,0,0,0,0,0,0,0,0
"429","Durango",2008,6.28311792187131,2,8,3,0,3,0,0,0,0,1,3
"430","Durango",2008,4.39818254530992,1,6,0,1,1,0,0,1,0,0,0
"431","Durango",2008,7.85389740233914,2,11,0,0,1,0,0,0,0,0,1
"432","Durango",2008,12.8803917398362,0,16,3,0,1,0,0,0,1,0,0
"433","Durango",2008,8.16805329843271,0,15,0,0,0,0,0,0,0,0,0
"434","Durango",2009,3.71277134557331,0,10,0,0,1,0,0,0,0,0,0
"435","Durango",2009,17.6356638914732,1,27,0,0,0,0,0,0,0,0,0
"436","Durango",2009,21.0390376249154,1,40,0,0,1,0,0,0,0,1,0
"437","Durango",2009,11.447711648851,0,24,0,0,0,0,0,1,0,0,0
"438","Durango",2009,9.28192836393327,0,22,1,0,0,0,0,0,0,0,0
"439","Durango",2009,24.7518089704887,2,40,0,0,1,3,0,10,0,0,7
"440","Durango",2009,10.2101212003266,1,27,0,0,0,0,0,0,0,3,0
"441","Durango",2009,17.6356638914732,1,38,2,0,0,0,0,3,0,2,1
"442","Durango",2009,16.7074710550799,1,34,2,0,3,1,0,0,0,2,7
"443","Durango",2009,15.4698806065555,1,30,0,0,2,0,0,5,0,2,3
"444","Durango",2009,17.016868667211,0,33,2,0,1,1,0,2,1,1,0
"445","Durango",2009,19.1826519521288,1,31,2,0,1,1,0,3,0,0,0
"446","Durango",2010,18.5916603907114,1,34,2,0,4,0,1,2,0,0,0
"447","Durango",2010,14.6295032582647,1,33,1,0,0,1,0,2,0,0,0
"448","Durango",2010,20.4203482979944,3,44,0,0,2,0,0,2,0,1,2
"449","Durango",2010,20.725129615875,1,51,4,0,4,2,0,4,0,5,1
"450","Durango",2010,30.1733504701709,3,53,6,0,7,3,0,5,0,7,4
"451","Durango",2010,31.6972570595735,1,51,5,0,3,2,0,2,0,6,2
"452","Durango",2010,24.3825054304411,0,38,8,0,3,2,1,1,0,6,2
"453","Durango",2010,14.6295032582647,1,29,2,1,1,1,0,2,0,2,2
"454","Durango",2010,10.057783490057,2,16,0,0,1,1,0,0,0,1,0
"455","Durango",2010,10.3625648079375,1,24,1,0,0,0,0,0,0,1,0
"456","Durango",2010,8.83865821853491,1,17,2,2,1,0,0,0,0,1,1
"457","Durango",2010,11.5816900794595,2,28,0,0,0,1,0,0,0,1,1
"458","Durango",2011,19.2192480769491,0,33,1,0,2,0,0,0,0,1,1
"459","Durango",2011,6.00601502404658,0,12,0,0,0,0,0,0,0,0,0
"460","Durango",2011,11.4114285456885,0,27,1,0,1,0,0,0,0,0,2
"461","Durango",2011,49.249323197182,0,30,3,0,2,0,0,0,0,0,2
"462","Durango",2011,62.1622554988821,1,27,6,0,8,0,0,0,0,0,9
"463","Durango",2011,15.3153383113188,0,13,1,0,1,0,0,0,0,1,2
"464","Durango",2011,10.2102255408792,2,20,1,0,0,0,0,0,0,0,2
"465","Durango",2011,10.2102255408792,0,15,1,0,0,0,0,0,0,1,1
"466","Durango",2011,9.3093232872722,0,14,1,0,2,0,0,0,0,0,4
"467","Durango",2011,10.2102255408792,0,17,2,0,0,0,0,0,0,0,0
"468","Durango",2011,11.7117292968908,1,13,0,0,0,0,0,0,0,0,0
"469","Guanajuato",2007,0.600083771694529,0,0,0,0,0,0,0,0,0,0,0
"470","Guanajuato",2007,0.600083771694529,0,0,0,0,0,0,0,0,0,0,0
"471","Guanajuato",2007,0.400055847796352,0,0,0,0,0,0,0,0,0,0,0
"472","Guanajuato",2007,0.200027923898176,0,0,0,0,0,0,0,0,0,0,0
"473","Guanajuato",2007,0.100013961949088,0,0,0,0,0,0,0,0,0,0,0
"474","Guanajuato",2007,0.600083771694529,0,0,0,0,0,0,0,0,0,0,0
"475","Guanajuato",2007,0.400055847796352,0,0,0,0,0,0,0,0,0,0,0
"476","Guanajuato",2007,1.00013961949088,0,0,0,0,0,0,0,0,0,0,0
"477","Guanajuato",2007,0.600083771694529,0,0,0,0,0,0,0,0,0,0,0
"478","Guanajuato",2007,0.300041885847264,0,0,0,0,0,0,0,0,0,0,0
"479","Guanajuato",2008,0.293246876334273,0,2,0,0,0,0,0,0,0,0,0
"480","Guanajuato",2008,0.390995835112364,0,2,0,0,0,0,0,0,0,0,1
"481","Guanajuato",2008,0.781991670224729,0,1,0,0,0,0,0,0,0,0,0
"482","Guanajuato",2008,0.293246876334273,0,3,0,0,0,0,0,0,0,0,0
"483","Guanajuato",2008,0.195497917556182,0,2,0,0,0,0,0,0,0,0,0
"484","Guanajuato",2008,0.586493752668547,1,3,0,0,0,0,0,0,0,0,0
"485","Guanajuato",2008,0.293246876334273,0,3,0,0,0,0,0,0,0,0,0
"486","Guanajuato",2008,0.586493752668547,1,4,0,0,0,0,0,0,0,0,0
"487","Guanajuato",2008,1.17298750533709,0,7,1,0,2,0,0,0,1,0,0
"488","Guanajuato",2008,1.46623438167137,1,6,1,0,1,0,0,0,1,1,1
"489","Guanajuato",2008,0.293246876334273,0,2,0,0,0,0,0,0,0,0,0
"490","Guanajuato",2009,2.00727033314666,0,10,2,0,2,0,0,0,3,1,3
"491","Guanajuato",2009,1.24259592051936,0,11,0,0,4,0,0,0,3,2,2
"492","Guanajuato",2009,1.72051742841142,0,12,0,0,2,0,0,0,0,0,0
"493","Guanajuato",2009,1.05142731736253,0,9,0,0,0,0,0,0,0,0,0
"494","Guanajuato",2009,1.43376452367618,0,11,0,0,1,0,0,0,0,0,0
"495","Guanajuato",2009,3.05869765050919,0,8,0,0,0,0,0,0,2,2,0
"496","Guanajuato",2009,1.81610172998983,0,11,0,0,12,0,0,0,10,5,7
"497","Guanajuato",2009,2.10285463472507,0,13,0,1,2,0,0,0,2,1,1
"498","Guanajuato",2009,0.669090111048886,0,4,0,0,0,0,0,0,0,0,0
"499","Guanajuato",2009,1.43376452367618,0,8,1,0,5,0,0,0,5,5,1
"500","Guanajuato",2009,1.72051742841142,1,13,0,0,4,0,0,0,1,2,2
"501","Guanajuato",2009,1.62493312683301,2,14,0,0,3,0,0,0,4,1,0
"502","Guanajuato",2010,1.12216065300773,0,6,1,0,6,0,0,0,3,1,2
"503","Guanajuato",2010,0.841620489755795,0,5,0,0,0,0,1,0,2,1,0
"504","Guanajuato",2010,1.77675436726223,0,13,0,0,2,0,0,0,5,1,3
"505","Guanajuato",2010,0.935133877506439,0,6,0,0,2,0,0,0,3,1,1
"506","Guanajuato",2010,0.841620489755795,0,4,1,0,1,0,0,0,2,2,1
"507","Guanajuato",2010,0.654593714254508,0,4,1,1,1,0,0,0,2,0,2
"508","Guanajuato",2010,0.46756693875322,0,4,0,0,0,0,0,0,1,0,0
"509","Guanajuato",2010,1.12216065300773,0,10,0,0,0,0,0,0,1,0,0
"510","Guanajuato",2010,1.30918742850902,0,9,0,0,0,0,0,0,0,0,0
"511","Guanajuato",2010,1.87026775501288,0,14,0,0,3,0,0,0,2,0,1
"512","Guanajuato",2010,1.4962142040103,0,13,0,0,1,0,0,0,2,0,0
"513","Guanajuato",2010,1.02864726525708,0,9,1,1,0,0,0,0,0,1,0
"514","Guanajuato",2011,1.83060614206803,0,15,0,0,2,0,0,0,1,1,0
"515","Guanajuato",2011,1.64754552786123,0,14,2,1,2,0,0,0,2,1,2
"516","Guanajuato",2011,1.09836368524082,0,8,1,0,1,0,0,0,0,2,0
"517","Guanajuato",2011,1.92213644917144,0,13,1,0,2,0,0,0,2,0,0
"518","Guanajuato",2011,1.37295460655103,0,9,1,2,0,0,0,0,0,0,3
"519","Guanajuato",2011,1.92213644917144,0,12,3,2,2,0,1,0,1,2,5
"520","Guanajuato",2011,1.00683337813742,0,8,0,1,2,0,0,0,1,0,0
"521","Guanajuato",2011,1.28142429944762,1,10,1,0,0,0,0,0,0,0,0
"522","Guanajuato",2011,1.55601522075783,1,11,2,0,1,0,0,0,0,0,0
"523","Guanajuato",2011,2.37978798468844,0,17,0,1,1,0,0,0,0,0,1
"524","Guanajuato",2011,0.54918184262041,0,4,0,0,0,0,0,0,1,0,1
"525","Guerrero",2007,0.811164610121031,0,0,0,0,0,0,0,0,0,0,0
"526","Guerrero",2007,0.648931688096824,0,0,0,0,0,0,0,0,0,0,0
"527","Guerrero",2007,2.27126090833889,0,0,0,0,0,0,0,0,0,0,0
"528","Guerrero",2007,5.02922058275039,0,0,0,0,1,0,0,0,0,1,0
"529","Guerrero",2007,4.86698766072618,1,0,0,0,1,0,0,0,0,0,0
"530","Guerrero",2007,6.32708395894404,5,0,0,0,0,0,0,0,0,0,0
"531","Guerrero",2007,3.24465844048412,1,0,0,0,1,0,0,0,0,0,0
"532","Guerrero",2007,5.1914535047746,1,0,0,0,0,0,0,0,0,0,0
"533","Guerrero",2007,5.3536864267988,0,0,0,0,0,0,0,0,0,0,0
"534","Guerrero",2007,5.3536864267988,1,0,0,0,0,0,0,0,0,0,0
"535","Guerrero",2007,3.24465844048412,0,0,0,0,0,0,0,0,0,0,1
"536","Guerrero",2007,3.73135720655674,1,0,0,0,0,0,0,0,0,0,0
"537","Guerrero",2008,3.67040585273342,0,11,0,1,0,0,0,0,0,0,0
"538","Guerrero",2008,2.71290867375949,1,13,0,0,0,0,0,0,0,0,0
"539","Guerrero",2008,1.27666290529858,0,4,0,0,0,0,0,0,0,0,0
"540","Guerrero",2008,1.75541149478555,0,9,0,0,0,0,0,0,0,0,0
"541","Guerrero",2008,6.06414880016826,1,14,0,0,0,0,0,0,0,0,0
"542","Guerrero",2008,4.62790303170736,0,21,0,0,0,0,0,0,0,0,0
"543","Guerrero",2008,4.30873730538271,2,19,0,0,0,0,0,0,0,0,0
"544","Guerrero",2008,5.5854002106813,2,21,1,1,0,0,0,1,0,0,2
"545","Guerrero",2008,7.18122884230452,1,36,1,0,0,0,0,0,0,0,0
"546","Guerrero",2008,4.46832016854504,2,24,0,0,1,0,0,0,0,0,2
"547","Guerrero",2008,7.34081170546685,1,34,1,0,3,0,0,0,0,0,1
"548","Guerrero",2008,9.25580606341472,2,32,5,1,2,0,0,0,3,0,1
"549","Guerrero",2009,6.43773454551164,1,29,1,0,1,0,0,0,0,1,1
"550","Guerrero",2009,9.89212869188374,1,47,2,0,0,0,0,0,2,1,1
"551","Guerrero",2009,9.42107494465118,3,40,2,0,4,0,0,0,1,0,1
"552","Guerrero",2009,10.6772182706047,1,48,2,0,7,0,0,1,3,1,1
"553","Guerrero",2009,8.63598536593025,0,26,2,0,0,0,0,0,0,1,0
"554","Guerrero",2009,11.6193257650698,2,52,1,3,0,0,0,12,0,0,17
"555","Guerrero",2009,11.776343680814,4,47,1,0,0,0,4,3,4,0,2
"556","Guerrero",2009,10.0491466076279,1,40,4,0,6,0,5,0,6,0,6
"557","Guerrero",2009,11.3052899335814,6,45,1,1,1,1,5,2,3,0,4
"558","Guerrero",2009,13.503540754,3,57,0,1,1,0,22,0,5,0,1
"559","Guerrero",2009,7.22282412423258,2,34,0,0,2,0,10,0,7,0,0
"560","Guerrero",2009,12.2473974280465,0,47,0,2,3,0,12,0,4,0,1
"561","Guerrero",2010,8.3448396824943,1,37,0,0,4,0,3,0,0,0,7
"562","Guerrero",2010,8.19030561429996,0,33,4,2,5,0,4,1,3,0,6
"563","Guerrero",2010,10.508316637215,1,43,4,3,1,0,2,0,1,0,3
"564","Guerrero",2010,7.41763527332827,2,31,0,1,0,0,0,0,0,0,0
"565","Guerrero",2010,21.1711673426244,4,51,2,0,0,0,2,0,0,0,2
"566","Guerrero",2010,6.64496493235657,2,28,1,0,1,0,3,0,1,0,3
"567","Guerrero",2010,8.65390781888298,6,29,1,1,2,0,0,0,0,0,3
"568","Guerrero",2010,11.8991232509641,2,47,2,2,12,0,5,1,1,0,13
"569","Guerrero",2010,13.1353957965188,1,53,4,3,8,0,2,0,3,1,4
"570","Guerrero",2010,15.9170090240169,7,62,6,2,10,0,7,0,0,1,15
"571","Guerrero",2010,16.8442134331829,2,60,3,0,8,0,0,0,2,0,6
"572","Guerrero",2010,18.3895541151263,1,70,5,5,11,0,0,0,2,0,9
"573","Guerrero",2011,18.4074372131444,6,68,1,4,9,0,3,0,5,0,5
"574","Guerrero",2011,17.4946717315009,11,69,6,10,9,0,1,0,4,0,15
"575","Guerrero",2011,22.3627543002664,8,71,6,9,17,0,0,3,4,0,20
"576","Guerrero",2011,19.168075114514,4,81,10,5,8,0,0,0,3,0,12
"577","Guerrero",2011,22.6670094608142,9,101,8,5,17,0,2,0,0,0,25
"578","Guerrero",2011,22.5148818805403,5,88,7,5,13,0,1,0,5,2,9
"579","Guerrero",2011,25.4053059057448,11,102,10,9,15,0,0,0,4,0,22
"580","Guerrero",2011,32.2510470180712,12,127,9,16,19,0,5,2,1,1,40
"581","Guerrero",2011,22.0584991397185,9,95,2,3,6,0,0,1,1,0,6
"582","Guerrero",2011,25.101050745197,5,96,10,5,6,0,5,1,0,0,12
"583","Guerrero",2011,12.3223340021876,6,54,4,4,6,0,2,0,1,0,2
"584","Hidalgo",2007,0.404018121828837,0,0,0,0,0,0,0,0,0,0,0
"585","Hidalgo",2007,0.202009060914418,0,0,0,0,0,0,0,0,0,0,0
"586","Hidalgo",2007,0.404018121828837,0,0,0,0,0,0,0,0,0,0,0
"587","Hidalgo",2007,0.808036243657673,1,0,0,0,0,0,0,0,0,0,0
"588","Hidalgo",2007,1.61607248731535,0,0,0,0,0,0,0,0,0,0,0
"589","Hidalgo",2007,1.01004530457209,1,0,0,0,0,0,0,0,0,0,0
"590","Hidalgo",2007,0.808036243657673,0,0,0,0,0,0,0,0,0,0,0
"591","Hidalgo",2007,3.43415403554511,2,0,0,0,0,0,0,0,0,0,0
"592","Hidalgo",2008,0.787706268271093,0,1,0,0,0,0,0,0,0,0,0
"593","Hidalgo",2008,0.393853134135547,0,1,0,0,0,0,0,0,0,0,0
"594","Hidalgo",2008,0.984632835338866,0,3,0,0,0,0,0,0,0,0,1
"595","Hidalgo",2008,0.787706268271093,0,4,0,0,1,0,0,0,0,0,1
"596","Hidalgo",2008,0.393853134135547,0,1,0,0,0,0,0,0,0,0,0
"597","Hidalgo",2008,0.393853134135547,0,2,0,0,0,0,0,0,0,0,0
"598","Hidalgo",2008,1.18155940240664,0,3,0,0,0,0,0,0,0,0,0
"599","Hidalgo",2008,0.196926567067773,0,0,1,0,0,0,0,0,0,0,0
"600","Hidalgo",2008,0.59077970120332,0,0,0,0,0,0,0,0,0,0,0
"601","Hidalgo",2008,0.984632835338866,0,2,0,0,1,0,0,0,0,0,0
"602","Hidalgo",2008,0.59077970120332,0,2,0,0,0,0,0,0,0,0,0
"603","Hidalgo",2009,0.768374327384323,0,2,0,0,0,0,0,0,0,0,0
"604","Hidalgo",2009,0.192093581846081,0,1,0,0,0,0,0,0,0,0,0
"605","Hidalgo",2009,0.192093581846081,0,0,0,0,0,0,0,0,0,0,0
"606","Hidalgo",2009,0.768374327384323,0,2,0,0,0,0,0,0,0,0,0
"607","Hidalgo",2009,0.576280745538242,0,3,0,0,0,0,0,0,0,0,0
"608","Hidalgo",2009,0.384187163692162,0,1,0,0,0,0,0,0,0,0,0
"609","Hidalgo",2009,0.192093581846081,0,1,0,0,0,0,0,0,0,0,0
"610","Hidalgo",2009,0.192093581846081,1,1,0,0,0,0,0,0,0,0,0
"611","Hidalgo",2009,0.192093581846081,0,1,0,0,0,0,0,0,0,0,0
"612","Hidalgo",2010,0.18749196128216,0,0,0,0,0,0,0,0,0,0,0
"613","Hidalgo",2010,0.37498392256432,0,0,1,1,1,0,0,0,1,0,0
"614","Hidalgo",2010,0.74996784512864,0,2,1,0,0,0,0,0,0,0,0
"615","Hidalgo",2010,0.74996784512864,0,2,0,0,0,0,0,0,0,0,0
"616","Hidalgo",2010,3.56234726436104,0,0,0,0,0,0,0,0,0,0,0
"617","Hidalgo",2010,1.12495176769296,0,2,0,0,0,0,0,0,0,0,0
"618","Hidalgo",2010,1.31244372897512,0,3,0,2,1,0,0,0,0,1,0
"619","Hidalgo",2010,0.37498392256432,0,1,0,0,0,0,0,0,0,1,0
"620","Hidalgo",2011,0.915528237820545,0,2,0,1,0,0,0,0,0,0,0
"621","Hidalgo",2011,0.549316942692327,0,3,0,0,2,0,0,0,0,2,0
"622","Hidalgo",2011,1.83105647564109,0,7,1,0,5,0,0,0,0,5,0
"623","Hidalgo",2011,1.09863388538465,0,4,1,0,4,0,0,0,0,3,0
"624","Hidalgo",2011,0.366211295128218,0,1,0,0,0,0,0,0,0,0,0
"625","Hidalgo",2011,0.183105647564109,0,1,0,0,0,0,0,0,0,0,0
"626","Hidalgo",2011,0.549316942692327,0,3,0,0,0,0,0,0,0,0,0
"627","Hidalgo",2011,0.366211295128218,0,0,0,0,0,0,0,0,0,0,0
"628","Hidalgo",2011,0.732422590256436,0,2,0,0,0,0,0,0,0,0,0
"629","Jalisco",2007,0.285774032899593,0,0,0,0,0,0,0,0,0,0,0
"630","Jalisco",2007,0.357217541124491,0,0,0,0,0,0,0,0,0,0,0
"631","Jalisco",2007,0.428661049349389,0,0,0,0,0,0,0,0,0,0,0
"632","Jalisco",2007,0.0714435082248982,0,0,0,0,0,0,0,0,0,0,0
"633","Jalisco",2007,0.285774032899593,0,0,0,0,1,0,0,0,0,1,0
"634","Jalisco",2007,0.142887016449796,0,0,0,0,0,0,0,0,0,0,0
"635","Jalisco",2007,0.714435082248982,0,0,0,0,1,0,0,0,0,0,0
"636","Jalisco",2007,0.857322098698778,0,0,0,0,0,0,0,0,0,0,0
"637","Jalisco",2007,0.428661049349389,0,0,0,0,0,0,0,0,0,0,0
"638","Jalisco",2007,0.285774032899593,0,0,0,0,0,0,0,0,0,0,0
"639","Jalisco",2007,0.714435082248982,0,0,0,0,1,0,0,0,0,1,0
"640","Jalisco",2007,0.428661049349389,0,0,0,0,0,0,0,0,0,0,0
"641","Jalisco",2008,0.562218666657671,0,2,0,0,0,0,0,0,0,0,0
"642","Jalisco",2008,0.63249599998988,0,7,0,0,0,0,0,0,0,0,0
"643","Jalisco",2008,0.843327999986507,0,3,0,0,0,0,0,0,0,0,0
"644","Jalisco",2008,0.562218666657671,0,6,0,0,0,0,0,0,0,0,0
"645","Jalisco",2008,0.491941333325462,0,4,0,0,0,0,0,0,0,0,0
"646","Jalisco",2008,0.983882666650924,0,8,0,0,0,0,0,0,0,0,0
"647","Jalisco",2008,1.47582399997639,0,11,0,0,0,0,0,0,0,0,0
"648","Jalisco",2008,1.19471466664755,0,10,1,0,1,0,0,0,0,0,1
"649","Jalisco",2008,0.562218666657671,0,5,0,0,0,0,0,0,0,0,0
"650","Jalisco",2008,1.05415999998313,0,7,0,0,1,0,0,0,0,1,0
"651","Jalisco",2008,0.491941333325462,0,3,0,0,0,0,0,0,0,0,0
"652","Jalisco",2008,0.702773333322089,0,5,0,0,0,0,0,0,0,0,0
"653","Jalisco",2009,1.86701178264221,1,17,1,0,1,0,0,0,0,1,0
"654","Jalisco",2009,1.24467452176147,0,8,0,0,0,0,0,0,0,0,0
"655","Jalisco",2009,1.590417444473,0,12,1,0,2,0,0,0,0,0,0
"656","Jalisco",2009,0.898931599049954,1,11,0,0,0,0,0,0,0,0,0
"657","Jalisco",2009,0.968080183592258,0,10,1,0,0,0,0,0,0,0,0
"658","Jalisco",2009,0.968080183592258,0,10,0,0,0,0,0,0,0,0,0
"659","Jalisco",2009,1.52126885993069,0,13,1,0,2,0,1,0,0,1,0
"660","Jalisco",2009,1.38297169084608,0,18,0,0,0,0,0,0,0,1,0
"661","Jalisco",2009,1.38297169084608,1,14,0,0,0,0,0,0,0,0,0
"662","Jalisco",2009,1.7287146135576,0,18,1,0,2,0,0,1,0,0,0
"663","Jalisco",2009,0.760634429965345,0,9,0,0,0,0,0,0,0,0,0
"664","Jalisco",2009,1.590417444473,2,18,1,0,2,0,0,0,1,1,1
"665","Jalisco",2010,0.816666530555578,0,10,1,0,0,0,0,0,0,0,2
"666","Jalisco",2010,1.63333306111116,0,14,0,0,0,0,0,0,0,0,0
"667","Jalisco",2010,2.10972187060191,1,21,1,0,2,0,0,1,0,1,1
"668","Jalisco",2010,2.17777741481488,0,21,1,0,1,0,0,2,0,1,0
"669","Jalisco",2010,3.47083275486121,1,28,2,2,1,0,0,0,0,0,0
"670","Jalisco",2010,3.19861057800935,0,25,4,3,9,0,0,1,0,1,8
"671","Jalisco",2010,3.33472166643528,0,34,1,1,4,1,0,0,0,0,8
"672","Jalisco",2010,3.879166020139,0,34,0,3,3,1,0,0,0,2,3
"673","Jalisco",2010,3.13055503379638,0,29,2,3,5,1,0,0,0,0,11
"674","Jalisco",2010,3.19861057800935,1,33,0,0,5,0,0,0,0,0,5
"675","Jalisco",2010,4.15138819699086,0,35,1,0,2,0,0,0,1,0,1
"676","Jalisco",2010,3.26666612222231,0,38,2,2,5,0,0,0,0,0,6
"677","Jalisco",2011,4.086787830323,0,40,2,0,6,0,0,0,1,1,5
"678","Jalisco",2011,2.41187478510866,1,27,2,1,2,0,0,0,1,1,1
"679","Jalisco",2011,4.68975652660016,0,49,2,2,3,0,0,0,0,0,1
"680","Jalisco",2011,3.08184000319439,1,28,3,2,3,0,0,0,0,0,0
"681","Jalisco",2011,3.01484348138582,0,30,1,0,0,0,0,0,0,0,0
"682","Jalisco",2011,4.95774261383446,1,61,0,0,0,0,0,0,0,0,0
"683","Jalisco",2011,5.76170087553735,1,53,1,4,4,0,0,0,0,1,2
"684","Jalisco",2011,4.55576348298302,0,48,2,2,3,0,0,0,0,0,2
"685","Jalisco",2011,3.81880174308871,0,41,1,4,4,0,0,0,0,0,3
"686","Jalisco",2011,3.55081565585441,0,32,2,1,8,0,0,0,0,2,14
"687","Jalisco",2011,5.82869739734592,0,48,1,0,4,0,0,1,0,2,8
"688","México",2007,0.312315289363759,1,0,0,0,0,0,0,0,0,0,0
"689","México",2007,0.104105096454586,0,0,0,0,0,0,0,0,0,0,0
"690","México",2007,0.138806795272782,0,0,0,0,0,0,0,0,0,0,0
"691","México",2007,0.277613590545564,0,0,0,0,0,0,0,0,0,0,0
"692","México",2007,0.451122084636541,0,0,0,0,0,0,0,0,0,0,0
"693","México",2007,0.104105096454586,0,0,0,0,0,0,0,0,0,0,0
"694","México",2007,0.416420385818346,0,0,0,0,0,0,0,0,0,0,0
"695","México",2007,0.38171868700015,0,0,0,0,0,0,0,0,0,0,0
"696","México",2007,0.728735675182105,1,0,0,0,0,0,0,0,0,0,0
"697","México",2007,0.520525482272932,0,0,0,0,0,0,0,0,0,0,0
"698","México",2007,0.38171868700015,0,0,0,0,0,0,0,0,0,0,0
"699","México",2008,0.648722656553422,0,8,2,0,0,0,0,0,0,0,0
"700","México",2008,0.819439145120112,3,14,0,1,0,0,0,0,0,0,0
"701","México",2008,0.68286595426676,0,11,0,0,0,0,0,0,0,0,1
"702","México",2008,0.409719572560056,0,9,1,1,0,0,0,0,0,0,0
"703","México",2008,0.478006167986732,0,8,0,0,2,0,0,0,1,0,1
"704","México",2008,0.34143297713338,0,5,1,1,2,0,0,0,2,0,0
"705","México",2008,1.19501541996683,0,15,0,0,1,0,0,0,4,0,0
"706","México",2008,1.02429893140014,1,17,1,0,6,0,0,0,5,0,4
"707","México",2008,1.94616796966027,0,24,0,0,2,0,0,0,0,0,0
"708","México",2008,1.67302158795356,2,24,1,0,6,0,0,0,5,1,1
"709","México",2008,1.26330201539351,0,19,0,0,2,0,1,0,0,0,3
"710","México",2008,1.05844222911348,1,22,0,1,1,0,0,0,0,0,0
"711","México",2009,1.14248759132466,1,23,0,0,0,0,0,0,0,0,0
"712","México",2009,0.772859252954918,0,16,1,0,2,0,0,0,1,0,1
"713","México",2009,1.20969274375552,0,21,1,0,3,0,0,0,4,0,0
"714","México",2009,1.44491077726354,1,23,2,0,7,0,0,0,6,1,1
"715","México",2009,1.47851335347897,0,19,0,0,3,0,0,0,1,0,0
"716","México",2009,1.44491077726354,0,29,2,3,3,0,0,0,6,1,3
"717","México",2009,1.0752824388938,2,19,3,0,2,0,0,0,2,0,2
"718","México",2009,0.840064405385781,1,14,0,0,4,0,0,0,3,2,1
"719","México",2009,0.873666981601212,0,19,0,0,2,0,0,0,0,0,0
"720","México",2009,1.20969274375552,1,20,1,2,0,0,0,0,3,2,0
"721","México",2009,1.20969274375552,1,20,0,0,3,0,1,0,3,0,1
"722","México",2009,1.47851335347897,0,31,0,0,3,0,0,0,2,0,2
"723","México",2010,1.32314852983974,1,26,0,1,1,0,0,0,1,0,0
"724","México",2010,0.992361397379809,1,18,1,1,2,0,0,0,1,1,0
"725","México",2010,1.91856536826763,1,37,0,1,5,0,0,0,3,0,5
"726","México",2010,1.65393566229968,0,26,1,1,5,0,0,0,4,1,3
"727","México",2010,1.98472279475962,1,39,0,0,8,0,0,0,6,2,2
"728","México",2010,2.0508802212516,1,47,1,0,6,0,0,0,7,0,0
"729","México",2010,1.35622724308574,1,28,3,0,8,0,0,0,4,1,8
"730","México",2010,1.98472279475962,0,44,2,2,6,0,0,0,3,0,7
"731","México",2010,1.38930595633173,2,34,0,0,3,0,0,0,2,1,1
"732","México",2010,1.98472279475962,1,38,1,1,3,0,0,0,2,1,3
"733","México",2010,1.42238466957773,0,22,4,0,8,0,0,0,8,1,4
"734","México",2010,1.48854209606971,0,27,8,0,7,0,0,0,10,3,7
"735","México",2011,1.4005501426102,1,23,2,1,5,0,1,0,5,0,1
"736","México",2011,1.72625947810095,2,29,2,0,4,0,2,0,1,0,1
"737","México",2011,1.59597574390465,2,33,2,0,5,0,1,0,4,0,4
"738","México",2011,2.08453974714077,3,35,3,0,6,0,1,0,6,1,4
"739","México",2011,1.49826294325743,1,27,4,0,3,0,1,0,2,0,3
"740","México",2011,2.57310375037689,0,50,3,2,10,0,1,0,6,1,3
"741","México",2011,2.37767814908244,0,33,7,5,9,0,7,0,2,0,3
"742","México",2011,2.24739441488614,1,40,3,1,3,0,1,0,3,0,1
"743","México",2011,2.24739441488614,1,33,4,1,12,1,2,0,6,0,4
"744","México",2011,1.75883041165002,0,32,4,0,10,0,0,1,5,1,3
"745","México",2011,1.7914013451991,2,34,1,3,2,0,0,0,3,0,0
"746","Michoacán de Ocampo",2007,2.78413421173171,0,0,0,0,0,0,0,0,0,0,0
"747","Michoacán de Ocampo",2007,1.45259176264263,0,0,0,0,0,0,0,0,0,0,0
"748","Michoacán de Ocampo",2007,4.72092322858856,0,0,0,0,0,0,0,0,0,0,0
"749","Michoacán de Ocampo",2007,3.87357803371369,0,0,0,0,0,0,0,0,0,0,0
"750","Michoacán de Ocampo",2007,3.63147940660658,0,0,0,0,2,0,0,0,0,1,0
"751","Michoacán de Ocampo",2007,1.33154244908908,1,0,0,0,0,0,0,0,0,0,0
"752","Michoacán de Ocampo",2007,3.14728215239237,0,0,0,0,0,0,0,0,0,0,0
"753","Michoacán de Ocampo",2007,4.23672597437434,0,0,0,0,0,0,0,0,0,0,0
"754","Michoacán de Ocampo",2007,2.54203558462461,1,0,0,0,0,0,0,0,0,0,0
"755","Michoacán de Ocampo",2007,3.26833146594592,1,0,0,0,0,0,0,0,0,0,0
"756","Michoacán de Ocampo",2007,2.0578383304104,0,0,0,0,0,0,0,0,0,0,0
"757","Michoacán de Ocampo",2007,2.17888764396395,1,0,0,0,0,0,0,0,0,0,0
"758","Michoacán de Ocampo",2008,3.20856339426078,2,10,0,0,0,0,0,0,0,0,1
"759","Michoacán de Ocampo",2008,2.13904226284052,2,11,0,0,0,0,0,0,0,0,1
"760","Michoacán de Ocampo",2008,1.66369953776485,1,9,0,0,0,0,0,0,0,0,0
"761","Michoacán de Ocampo",2008,1.90137090030269,0,9,1,0,1,0,0,0,1,0,0
"762","Michoacán de Ocampo",2008,1.42602817522701,1,8,0,0,0,0,0,0,0,0,0
"763","Michoacán de Ocampo",2008,1.42602817522701,0,7,0,0,0,0,0,0,0,0,0
"764","Michoacán de Ocampo",2008,3.3273990755297,3,21,1,0,2,0,0,0,0,2,0
"765","Michoacán de Ocampo",2008,4.51575588821888,1,22,0,0,0,0,0,0,1,0,1
"766","Michoacán de Ocampo",2008,1.78253521903377,1,11,0,1,0,0,0,0,0,0,0
"767","Michoacán de Ocampo",2008,1.18835681268918,0,6,1,0,0,0,0,0,1,0,1
"768","Michoacán de Ocampo",2008,2.73322066918511,1,17,0,0,0,0,0,0,0,1,0
"769","Michoacán de Ocampo",2008,4.75342725075672,0,20,1,0,1,0,0,0,0,0,0
"770","Michoacán de Ocampo",2009,1.86722664793838,0,10,0,0,0,0,0,0,0,0,0
"771","Michoacán de Ocampo",2009,2.91754163740372,1,22,0,0,0,0,0,0,0,0,0
"772","Michoacán de Ocampo",2009,6.06848660579975,0,33,1,2,4,0,0,0,5,2,1
"773","Michoacán de Ocampo",2009,9.21943157419577,0,51,1,0,7,0,0,0,8,6,0
"774","Michoacán de Ocampo",2009,6.76869659877664,1,38,2,0,2,0,0,0,3,1,1
"775","Michoacán de Ocampo",2009,6.30188993679204,0,31,3,2,3,0,0,0,6,3,1
"776","Michoacán de Ocampo",2009,7.35220492625738,0,28,1,3,4,0,0,0,8,3,2
"777","Michoacán de Ocampo",2009,3.85115496137292,2,20,0,1,3,0,0,0,2,0,1
"778","Michoacán de Ocampo",2009,4.66806661984596,1,32,0,1,1,0,0,0,2,1,0
"779","Michoacán de Ocampo",2009,3.96785662686906,1,20,2,1,3,0,0,0,5,2,2
"780","Michoacán de Ocampo",2009,3.73445329587677,2,25,0,1,1,0,0,0,2,0,0
"781","Michoacán de Ocampo",2009,3.50104996488447,2,20,1,0,0,0,0,0,2,0,1
"782","Michoacán de Ocampo",2010,5.38821949496792,3,24,3,1,0,0,0,0,1,2,1
"783","Michoacán de Ocampo",2010,4.70036168709967,1,17,3,1,2,0,0,0,4,1,0
"784","Michoacán de Ocampo",2010,4.24178981518751,0,24,2,0,2,0,0,1,1,0,5
"785","Michoacán de Ocampo",2010,3.21000310338514,2,21,0,1,1,0,0,0,3,0,1
"786","Michoacán de Ocampo",2010,3.55393200731927,0,22,1,0,0,0,0,0,1,1,4
"787","Michoacán de Ocampo",2010,3.89786091125339,0,25,1,1,3,0,0,0,1,0,3
"788","Michoacán de Ocampo",2010,2.98071716742906,0,20,1,0,1,0,0,0,0,0,3
"789","Michoacán de Ocampo",2010,4.58571871912163,2,29,1,0,0,0,0,0,0,0,1
"790","Michoacán de Ocampo",2010,4.24178981518751,1,27,0,1,1,0,0,0,4,0,0
"791","Michoacán de Ocampo",2010,5.38821949496792,0,30,0,2,4,0,0,0,7,0,0
"792","Michoacán de Ocampo",2010,3.43928903934122,1,21,3,0,0,0,0,0,2,0,0
"793","Michoacán de Ocampo",2010,3.32464607136318,2,19,1,0,0,0,0,0,0,0,0
"794","Michoacán de Ocampo",2011,3.83029193133233,1,29,2,1,0,0,0,0,0,0,0
"795","Michoacán de Ocampo",2011,4.0556032214107,2,29,0,0,1,0,0,0,0,0,0
"796","Michoacán de Ocampo",2011,6.5340274122728,3,35,2,0,2,0,0,0,0,0,7
"797","Michoacán de Ocampo",2011,5.63278225195931,1,29,1,0,3,0,0,0,0,0,3
"798","Michoacán de Ocampo",2011,6.87199434739035,0,44,0,0,3,0,0,0,0,0,1
"799","Michoacán de Ocampo",2011,9.35041853825245,0,39,1,1,9,0,0,0,5,0,9
"800","Michoacán de Ocampo",2011,4.16825886644989,2,25,0,0,2,0,0,0,2,0,3
"801","Michoacán de Ocampo",2011,5.18215967180256,1,23,4,0,6,0,0,0,4,1,2
"802","Michoacán de Ocampo",2011,3.83029193133233,0,26,1,0,0,0,0,0,0,0,2
"803","Michoacán de Ocampo",2011,3.71763628629314,1,19,0,1,3,0,0,0,1,0,2
"804","Michoacán de Ocampo",2011,4.16825886644989,0,19,0,0,0,0,0,0,0,0,0
"805","Morelos",2007,0.305159204608636,0,0,0,0,0,0,0,0,0,0,0
"806","Morelos",2007,1.83095522765182,0,0,0,0,0,0,0,0,0,0,0
"807","Morelos",2007,0.915477613825909,1,0,0,0,0,0,0,0,0,0,0
"808","Morelos",2007,1.22063681843455,1,0,0,0,0,0,0,0,0,0,0
"809","Morelos",2007,0.305159204608636,0,0,0,0,0,0,0,0,0,0,0
"810","Morelos",2007,0.305159204608636,1,0,0,0,0,0,0,0,0,0,0
"811","Morelos",2007,0.305159204608636,0,0,0,0,0,0,0,0,0,0,0
"812","Morelos",2007,1.83095522765182,0,0,0,0,0,0,0,0,0,0,0
"813","Morelos",2007,1.22063681843455,0,0,0,0,0,0,0,0,0,0,0
"814","Morelos",2007,0.610318409217273,0,0,0,0,0,0,0,0,0,0,0
"815","Morelos",2008,0.299265452945745,0,0,0,0,0,0,0,0,0,0,0
"816","Morelos",2008,0.299265452945745,0,0,0,0,0,0,0,0,0,0,0
"817","Morelos",2008,0.299265452945745,0,1,0,0,0,0,0,0,0,0,0
"818","Morelos",2008,1.19706181178298,0,0,0,0,0,0,0,0,0,0,0
"819","Morelos",2008,2.09485817062021,0,0,0,0,0,0,0,0,0,0,0
"820","Morelos",2008,0.598530905891489,0,2,0,0,0,0,0,0,0,0,0
"821","Morelos",2008,0.897796358837234,0,2,0,0,0,0,0,0,0,0,0
"822","Morelos",2008,2.39412362356596,0,5,0,0,0,0,0,0,0,0,0
"823","Morelos",2008,1.49632726472872,0,0,0,0,0,0,0,0,0,0,0
"824","Morelos",2008,1.79559271767447,0,5,0,0,0,0,0,0,0,0,0
"825","Morelos",2008,1.19706181178298,0,3,0,0,0,0,0,0,0,0,0
"826","Morelos",2009,1.76157390756728,1,4,0,0,0,0,0,0,0,0,0
"827","Morelos",2009,0.587191302522427,0,1,0,0,0,0,0,0,0,0,0
"828","Morelos",2009,0.293595651261214,0,1,0,0,0,0,0,0,0,0,0
"829","Morelos",2009,1.46797825630607,0,4,0,0,0,0,0,0,0,0,0
"830","Morelos",2009,1.17438260504485,0,3,0,0,0,0,0,0,0,0,0
"831","Morelos",2009,2.34876521008971,0,4,0,0,0,0,0,0,0,0,0
"832","Morelos",2009,3.22955216387335,0,7,0,0,0,0,0,0,0,0,0
"833","Morelos",2009,3.22955216387335,0,10,0,0,0,0,0,0,0,0,0
"834","Morelos",2009,5.28472172270184,0,11,0,0,2,0,4,1,1,0,0
"835","Morelos",2009,6.4591043277467,0,11,0,0,4,0,6,3,0,0,1
"836","Morelos",2009,0.880786953783641,0,2,0,0,0,0,0,0,0,0,0
"837","Morelos",2009,1.17438260504485,1,3,0,0,0,0,0,0,0,0,0
"838","Morelos",2010,1.15254444355442,0,4,0,0,0,0,0,0,0,0,0
"839","Morelos",2010,1.72881666533164,0,5,0,0,2,0,0,0,0,0,1
"840","Morelos",2010,4.6101777742177,0,6,1,2,1,0,0,0,0,0,2
"841","Morelos",2010,11.5254444355442,1,17,3,2,8,0,2,0,0,0,15
"842","Morelos",2010,3.74576944155188,0,8,2,0,1,0,1,0,1,0,6
"843","Morelos",2010,6.05085832866073,1,12,2,0,2,0,0,0,0,0,7
"844","Morelos",2010,12.9661249899873,2,29,0,1,9,0,0,0,0,0,16
"845","Morelos",2010,13.8305333226531,1,22,5,2,4,0,0,0,0,0,10
"846","Morelos",2010,12.3898527682101,0,20,1,0,2,0,0,0,0,0,7
"847","Morelos",2010,7.77967499399236,3,17,2,0,3,0,0,0,0,0,12
"848","Morelos",2010,8.06781110488097,1,15,3,0,2,0,0,0,2,0,5
"849","Morelos",2010,5.76272221777212,3,11,0,2,1,0,0,0,1,0,2
"850","Morelos",2011,5.37464226805378,2,13,0,1,1,0,0,0,1,0,1
"851","Morelos",2011,6.78902181227846,2,15,1,1,1,0,0,0,0,0,4
"852","Morelos",2011,9.33490499188288,1,14,5,2,4,0,0,0,0,0,10
"853","Morelos",2011,7.07189772112339,1,14,1,2,1,0,0,0,0,0,0
"854","Morelos",2011,5.37464226805378,2,15,0,0,1,0,0,0,0,0,0
"855","Morelos",2011,4.52601454151897,0,14,0,1,0,0,0,0,0,1,0
"856","Morelos",2011,5.37464226805378,0,13,1,3,2,0,0,0,0,0,2
"857","Morelos",2011,7.9205254476582,2,12,4,3,0,0,0,0,0,0,5
"858","Morelos",2011,5.94039408574365,3,16,0,0,1,0,0,1,0,0,1
"859","Morelos",2011,7.63764953881326,0,15,3,1,3,0,0,0,0,0,1
"860","Morelos",2011,5.94039408574365,0,14,1,1,2,0,0,0,0,1,1
"861","Nayarit",2007,0.496125261706076,0,0,0,0,0,0,0,0,0,0,0
"862","Nayarit",2007,0.992250523412151,1,0,0,0,0,0,0,0,0,0,0
"863","Nayarit",2007,0.992250523412151,0,0,0,0,0,0,0,0,0,0,0
"864","Nayarit",2007,1.48837578511823,0,0,0,0,0,0,0,0,0,0,0
"865","Nayarit",2007,0.496125261706076,0,0,0,0,0,0,0,0,0,0,0
"866","Nayarit",2007,0.496125261706076,0,0,0,0,0,0,0,0,0,0,0
"867","Nayarit",2007,0.496125261706076,0,0,0,0,0,0,0,0,0,0,0
"868","Nayarit",2008,0.966233520283416,0,2,0,0,0,0,0,0,0,0,0
"869","Nayarit",2008,1.93246704056683,0,3,0,0,0,0,0,0,0,0,0
"870","Nayarit",2008,1.44935028042512,0,1,1,0,1,0,0,0,0,0,1
"871","Nayarit",2008,0.483116760141708,0,1,0,0,0,0,0,0,0,0,0
"872","Nayarit",2008,0.483116760141708,0,1,0,0,0,0,0,0,0,0,0
"873","Nayarit",2008,2.41558380070854,0,2,1,0,0,0,0,0,0,0,0
"874","Nayarit",2008,3.38181732099195,0,1,1,0,0,0,0,0,0,0,0
"875","Nayarit",2008,0.966233520283416,0,1,0,0,0,0,0,0,0,0,0
"876","Nayarit",2009,1.41231700490874,0,2,0,0,0,0,0,0,0,0,0
"877","Nayarit",2009,0.941544669939162,0,1,0,0,0,0,0,0,0,0,0
"878","Nayarit",2009,3.76617867975665,0,3,0,0,0,0,0,0,0,0,0
"879","Nayarit",2009,0.470772334969581,0,1,0,0,0,0,0,0,0,0,0
"880","Nayarit",2009,1.88308933987832,0,2,0,0,0,0,1,0,0,0,0
"881","Nayarit",2009,2.82463400981749,0,2,0,0,0,0,0,0,0,0,0
"882","Nayarit",2009,0.941544669939162,1,2,0,0,0,0,0,1,0,0,0
"883","Nayarit",2009,0.941544669939162,0,1,1,0,0,0,0,0,0,0,0
"884","Nayarit",2010,1.83617213195651,0,3,0,0,0,0,1,0,0,0,0
"885","Nayarit",2010,5.50851639586953,0,7,0,0,4,0,5,1,0,0,0
"886","Nayarit",2010,2.29521516494564,0,4,0,0,0,0,0,0,0,0,0
"887","Nayarit",2010,13.7712909896738,0,14,0,0,0,0,0,1,0,0,1
"888","Nayarit",2010,6.88564549483691,1,11,0,0,0,0,0,1,0,0,0
"889","Nayarit",2010,11.9351188577173,1,14,0,0,0,0,2,0,0,0,3
"890","Nayarit",2010,22.0340655834781,1,33,1,1,2,0,2,0,0,0,2
"891","Nayarit",2010,13.3122479566847,1,21,1,1,2,0,0,0,0,0,2
"892","Nayarit",2010,7.34468852782604,1,12,1,0,0,0,0,0,0,0,0
"893","Nayarit",2010,16.9845922205977,0,19,0,0,0,0,1,0,0,0,1
"894","Nayarit",2010,10.5579897587499,1,12,1,0,3,0,0,0,0,2,2
"895","Nayarit",2010,13.7712909896738,1,16,2,0,1,0,2,1,0,2,1
"896","Nayarit",2011,13.8844038283332,2,21,0,0,1,0,1,0,0,0,3
"897","Nayarit",2011,7.1661439113978,1,6,3,1,1,0,0,0,0,0,1
"898","Nayarit",2011,16.123823800645,1,24,1,1,2,0,0,0,0,0,2
"899","Nayarit",2011,16.123823800645,0,14,3,0,1,0,0,0,0,1,0
"900","Nayarit",2011,12.5407518449461,0,18,0,2,1,0,1,0,0,1,2
"901","Nayarit",2011,14.3322878227956,0,24,0,0,4,0,2,0,0,0,8
"902","Nayarit",2011,10.3013318726343,0,17,0,1,1,0,1,0,0,0,1
"903","Nayarit",2011,17.0195917895698,0,19,0,3,1,0,2,0,0,0,4
"904","Nayarit",2011,6.27037592247307,1,11,0,0,0,0,0,0,0,0,1
"905","Nayarit",2011,12.5407518449461,0,23,0,0,0,0,0,0,0,0,0
"906","Nayarit",2011,7.1661439113978,0,7,0,1,0,0,0,0,0,0,0
"907","Nuevo León",2007,0.683726322130136,0,0,0,0,0,0,0,0,0,0,0
"908","Nuevo León",2007,0.911635096173514,0,0,0,0,0,0,0,0,0,0,0
"909","Nuevo León",2007,2.84885967554223,0,0,0,0,0,0,0,0,0,0,0
"910","Nuevo León",2007,1.0255894831952,1,0,0,0,0,0,0,0,0,1,0
"911","Nuevo León",2007,1.70931580532534,0,0,0,0,0,0,0,0,0,0,0
"912","Nuevo León",2007,0.569771935108446,0,0,0,0,0,0,0,0,0,0,0
"913","Nuevo León",2007,0.569771935108446,0,0,0,0,0,0,0,0,0,0,0
"914","Nuevo León",2007,1.0255894831952,0,0,0,0,0,0,0,0,0,0,0
"915","Nuevo León",2007,0.797680709151825,0,0,0,0,0,0,0,0,0,0,0
"916","Nuevo León",2007,1.0255894831952,1,0,0,0,0,0,0,0,0,0,0
"917","Nuevo León",2007,1.13954387021689,0,0,0,0,0,0,0,0,0,0,0
"918","Nuevo León",2007,0.797680709151825,0,0,0,0,0,0,0,0,0,0,0
"919","Nuevo León",2008,0.781505646545762,0,2,0,0,0,0,0,0,0,0,0
"920","Nuevo León",2008,1.67465495688378,0,9,0,0,0,0,0,0,0,0,0
"921","Nuevo León",2008,0.893149310338013,0,7,0,0,0,0,0,0,0,0,0
"922","Nuevo León",2008,0.893149310338013,0,4,0,0,0,0,0,0,0,0,0
"923","Nuevo León",2008,0.893149310338013,1,4,1,0,0,0,0,0,0,2,0
"924","Nuevo León",2008,0.334930991376755,0,1,0,0,0,0,0,0,0,0,0
"925","Nuevo León",2008,0.334930991376755,0,2,0,0,0,0,0,0,0,0,0
"926","Nuevo León",2008,0.223287327584503,0,1,0,0,0,0,0,0,0,0,0
"927","Nuevo León",2008,0.558218318961258,0,2,0,0,0,0,0,0,0,0,0
"928","Nuevo León",2008,2.00958594826053,0,4,6,0,0,0,0,0,0,0,0
"929","Nuevo León",2008,1.00479297413027,0,3,0,0,0,0,0,0,0,0,0
"930","Nuevo León",2008,0.893149310338013,0,6,1,0,0,0,0,0,0,0,0
"931","Nuevo León",2009,1.09424718146547,0,3,1,0,0,0,0,0,0,0,0
"932","Nuevo León",2009,0.32827415443964,0,3,0,0,0,0,0,0,0,0,0
"933","Nuevo León",2009,0.32827415443964,0,0,0,0,0,0,0,0,0,0,0
"934","Nuevo León",2009,0.98482246331892,1,3,0,0,0,0,0,0,0,0,0
"935","Nuevo León",2009,0.547123590732733,0,3,0,0,0,0,0,0,0,0,0
"936","Nuevo León",2009,0.218849436293093,0,1,0,0,0,0,0,0,0,1,0
"937","Nuevo León",2009,0.547123590732733,0,2,0,0,0,0,0,0,0,0,1
"938","Nuevo León",2009,1.09424718146547,0,8,0,0,0,0,0,0,0,0,0
"939","Nuevo León",2009,0.32827415443964,0,3,0,0,0,0,0,0,0,0,0
"940","Nuevo León",2009,0.98482246331892,0,6,0,0,1,0,1,0,0,0,0
"941","Nuevo León",2009,0.65654830887928,0,2,0,0,0,0,0,0,0,0,0
"942","Nuevo León",2009,0.218849436293093,0,0,0,0,0,0,0,0,0,0,0
"943","Nuevo León",2010,0.321876738804966,0,2,0,0,0,0,0,0,0,0,0
"944","Nuevo León",2010,0.429168985073288,0,2,1,0,0,0,0,0,0,0,0
"945","Nuevo León",2010,1.18021470895154,0,7,0,0,0,0,0,0,0,0,0
"946","Nuevo León",2010,6.65211926863597,1,40,1,0,4,0,0,0,0,2,5
"947","Nuevo León",2010,4.07710535819624,0,27,0,0,1,0,0,0,0,1,2
"948","Nuevo León",2010,7.2958727462459,1,32,2,1,2,0,0,0,0,1,2
"949","Nuevo León",2010,10.5146401342956,1,23,3,0,2,0,0,0,0,1,0
"950","Nuevo León",2010,3.21876738804966,0,17,1,0,2,0,0,1,0,2,2
"951","Nuevo León",2010,1.82396818656147,1,12,0,0,0,0,0,0,0,0,0
"952","Nuevo León",2010,3.00418289551302,0,20,1,0,1,0,0,0,0,1,2
"953","Nuevo León",2010,1.07292246268322,0,8,0,0,0,0,0,0,0,0,1
"954","Nuevo León",2010,3.4333518805863,0,22,2,0,0,0,0,0,0,2,1
"955","Nuevo León",2011,6.94592586192362,0,24,2,4,3,0,0,0,0,2,4
"956","Nuevo León",2011,3.57820423190005,1,19,3,2,2,0,0,0,0,1,3
"957","Nuevo León",2011,3.999169435653,1,18,1,6,2,0,0,0,0,2,3
"958","Nuevo León",2011,4.94634114409713,0,24,1,0,0,0,0,0,0,0,0
"959","Nuevo León",2011,9.15599318162659,5,36,2,4,2,0,0,0,0,4,2
"960","Nuevo León",2011,12.8394387144649,1,48,10,2,16,0,0,0,0,6,8
"961","Nuevo León",2011,15.996677742612,1,51,8,10,11,0,0,0,0,9,7
"962","Nuevo León",2011,8.41930407505894,0,38,3,8,10,0,0,0,0,7,8
"963","Nuevo León",2011,9.78744098725602,0,53,3,3,3,0,0,0,0,4,3
"964","Nuevo León",2011,11.3660605013296,1,69,2,0,5,0,0,0,0,6,1
"965","Nuevo León",2011,10.8398539966384,2,70,4,2,9,0,0,0,0,9,1
"966","Oaxaca",2007,2.00590481064688,0,0,0,0,0,0,0,0,0,0,0
"967","Oaxaca",2007,0.286557830092412,0,0,0,0,0,0,0,0,0,0,0
"968","Oaxaca",2007,0.143278915046206,0,0,0,0,0,0,0,0,0,0,0
"969","Oaxaca",2007,0.71639457523103,0,0,0,0,1,0,0,0,0,1,0
"970","Oaxaca",2007,0.71639457523103,0,0,0,0,0,0,0,0,0,0,0
"971","Oaxaca",2007,1.14623132036965,0,0,0,0,0,0,0,0,0,0,0
"972","Oaxaca",2007,0.286557830092412,0,0,0,0,0,0,0,0,0,0,0
"973","Oaxaca",2007,1.28951023541585,0,0,0,0,0,0,0,0,0,0,0
"974","Oaxaca",2007,0.71639457523103,0,0,0,0,0,0,0,0,0,0,0
"975","Oaxaca",2007,0.429836745138618,0,0,0,0,0,0,0,0,0,0,0
"976","Oaxaca",2008,1.69232465894722,0,4,0,0,0,0,0,0,0,0,0
"977","Oaxaca",2008,0.987189384385879,0,4,1,0,0,0,0,0,0,1,0
"978","Oaxaca",2008,2.2564328785963,0,6,0,0,1,0,0,0,0,0,1
"979","Oaxaca",2008,1.55129760403495,0,5,0,0,0,0,0,0,0,0,0
"980","Oaxaca",2008,0.423081164736805,1,2,0,0,0,0,0,0,0,0,0
"981","Oaxaca",2008,0.282054109824537,0,1,0,0,0,0,0,0,0,1,0
"982","Oaxaca",2008,1.26924349421042,0,5,2,0,1,0,0,0,0,0,1
"983","Oaxaca",2008,0.987189384385879,2,6,0,0,0,0,0,0,0,0,0
"984","Oaxaca",2008,1.69232465894722,1,11,0,0,0,0,0,0,0,0,0
"985","Oaxaca",2008,1.97437876877176,0,10,0,0,0,0,0,0,0,0,0
"986","Oaxaca",2008,1.26924349421042,2,7,0,0,0,0,0,0,0,0,0
"987","Oaxaca",2008,0.282054109824537,0,2,0,0,0,0,0,0,0,0,0
"988","Oaxaca",2009,1.11075751996725,0,8,0,0,1,0,0,0,0,0,0
"989","Oaxaca",2009,0.694223449979534,0,4,0,0,0,0,0,0,0,0,0
"990","Oaxaca",2009,1.24960220996316,0,7,0,0,0,0,0,0,0,0,0
"991","Oaxaca",2009,0.971912829971348,0,6,0,0,0,0,0,0,0,0,0
"992","Oaxaca",2009,0.971912829971348,0,5,0,0,0,0,0,0,0,0,0
"993","Oaxaca",2009,0.694223449979534,1,5,0,0,0,0,0,0,0,0,0
"994","Oaxaca",2009,1.11075751996725,0,7,0,0,0,1,0,0,0,0,0
"995","Oaxaca",2009,1.24960220996316,1,7,0,0,0,0,0,0,0,0,0
"996","Oaxaca",2009,0.555378759983627,1,2,0,0,0,0,0,0,0,0,0
"997","Oaxaca",2009,0.694223449979534,0,4,1,0,0,0,0,0,0,0,0
"998","Oaxaca",2009,0.971912829971348,1,5,0,0,0,0,0,0,0,0,0
"999","Oaxaca",2009,1.24960220996316,1,6,0,0,0,0,0,0,0,0,0
"1000","Oaxaca",2010,0.683646906217454,1,4,0,0,0,0,0,0,0,0,1
"1001","Oaxaca",2010,3.0080463873568,2,7,2,0,2,0,0,0,0,1,4
"1002","Oaxaca",2010,1.23056443119142,0,7,0,0,0,0,0,0,0,0,0
"1003","Oaxaca",2010,1.5040231936784,0,9,0,0,0,0,0,0,0,0,0
"1004","Oaxaca",2010,1.23056443119142,0,6,1,1,2,0,0,0,0,1,3
"1005","Oaxaca",2010,1.09383504994793,1,4,0,0,0,0,0,0,0,0,0
"1006","Oaxaca",2010,2.46112886238283,2,9,0,0,1,0,0,0,0,1,0
"1007","Oaxaca",2010,2.18767009989585,0,9,0,0,0,0,0,0,0,0,0
"1008","Oaxaca",2010,2.18767009989585,1,12,0,0,0,0,0,0,0,1,1
"1009","Oaxaca",2010,3.0080463873568,0,11,0,0,0,0,0,0,0,2,0
"1010","Oaxaca",2010,1.5040231936784,1,5,2,0,2,0,0,0,0,3,0
"1011","Oaxaca",2010,1.36729381243491,1,9,0,0,0,0,0,0,0,0,1
"1012","Oaxaca",2011,2.55887362154151,1,17,0,0,1,0,0,0,0,1,0
"1013","Oaxaca",2011,1.21209803125651,0,7,1,0,3,0,0,0,0,3,0
"1014","Oaxaca",2011,1.21209803125651,0,4,0,0,0,0,0,0,0,1,0
"1015","Oaxaca",2011,1.48145314931351,0,9,0,0,1,0,0,0,0,2,1
"1016","Oaxaca",2011,1.48145314931351,0,7,1,0,0,0,0,0,0,0,0
"1017","Oaxaca",2011,0.808065354171004,0,3,1,0,0,0,0,0,0,0,0
"1018","Oaxaca",2011,1.34677559028501,0,10,0,0,0,0,0,0,0,1,0
"1019","Oaxaca",2011,1.88548582639901,0,10,0,1,0,0,0,0,0,1,1
"1020","Oaxaca",2011,2.42419606251301,1,9,0,0,0,0,0,0,0,0,0
"1021","Oaxaca",2011,2.02016338542751,0,12,0,0,1,0,0,0,0,0,0
"1022","Oaxaca",2011,2.96290629862702,0,17,1,0,1,0,0,0,0,2,0
"1023","Puebla",2007,0.18031670104104,0,0,0,0,0,0,0,0,0,0,0
"1024","Puebla",2007,0.0901583505205202,0,0,0,0,0,0,0,0,0,0,0
"1025","Puebla",2007,0.18031670104104,0,0,0,0,0,0,0,0,0,0,0
"1026","Puebla",2007,0.0901583505205202,0,0,0,0,0,0,0,0,0,0,0
"1027","Puebla",2008,0.177776292358091,0,1,0,0,0,0,0,0,0,0,0
"1028","Puebla",2008,0.0888881461790453,0,0,0,0,0,0,0,0,0,0,0
"1029","Puebla",2008,0.177776292358091,0,1,0,0,0,0,0,0,0,0,0
"1030","Puebla",2008,0.0888881461790453,0,1,0,0,0,0,0,0,0,0,0
"1031","Puebla",2008,0.266664438537136,0,2,0,0,1,0,0,1,1,0,0
"1032","Puebla",2008,0.266664438537136,1,3,0,0,0,0,0,0,0,0,0
"1033","Puebla",2008,0.355552584716181,0,3,0,0,0,0,0,0,0,0,0
"1034","Puebla",2008,0.0888881461790453,0,0,0,0,0,0,0,0,0,0,0
"1035","Puebla",2008,0.0888881461790453,1,1,0,0,0,0,0,0,0,0,0
"1036","Puebla",2009,0.0876532584353771,0,1,0,0,0,0,0,0,0,0,0
"1037","Puebla",2009,0.175306516870754,0,2,0,0,0,0,0,0,0,1,0
"1038","Puebla",2009,0.350613033741508,0,1,0,0,0,0,0,0,0,0,0
"1039","Puebla",2009,0.438266292176885,0,3,0,0,2,0,0,0,0,2,0
"1040","Puebla",2009,0.175306516870754,0,1,0,0,0,0,0,0,0,0,0
"1041","Puebla",2009,0.0876532584353771,0,1,0,0,0,0,0,0,0,0,0
"1042","Puebla",2009,0.350613033741508,0,1,0,0,0,0,0,0,0,0,0
"1043","Puebla",2009,0.175306516870754,0,2,0,0,0,0,0,0,0,0,0
"1044","Puebla",2009,0.0876532584353771,0,1,0,0,0,0,0,0,0,0,0
"1045","Puebla",2010,0.0864521822605655,0,1,0,0,0,0,0,0,0,0,0
"1046","Puebla",2010,0.172904364521131,0,1,0,0,0,0,0,0,0,0,0
"1047","Puebla",2010,0.864521822605655,0,6,1,0,0,0,0,0,0,0,0
"1048","Puebla",2010,0.172904364521131,1,2,0,0,0,0,0,0,0,0,0
"1049","Puebla",2010,0.259356546781696,0,3,1,0,0,0,0,0,0,0,0
"1050","Puebla",2010,0.432260911302827,0,4,0,0,0,0,0,0,0,0,0
"1051","Puebla",2010,0.259356546781696,1,3,0,0,0,0,0,0,1,1,0
"1052","Puebla",2010,0.518713093563393,0,5,0,0,0,0,0,0,0,0,0
"1053","Puebla",2010,0.518713093563393,0,5,1,0,0,0,0,0,0,0,0
"1054","Puebla",2010,0.432260911302827,0,4,0,0,0,0,0,0,0,0,0
"1055","Puebla",2010,0.0864521822605655,0,0,0,0,0,0,0,0,0,0,0
"1056","Puebla",2011,0.255850730543383,0,3,0,0,0,0,0,0,0,0,0
"1057","Puebla",2011,0.938119345325739,0,5,0,0,0,0,0,0,0,0,0
"1058","Puebla",2011,0.852835768477945,0,5,1,0,0,0,0,0,0,0,0
"1059","Puebla",2011,0.341134307391178,0,3,0,1,0,0,0,0,0,0,0
"1060","Puebla",2011,0.511701461086767,0,4,1,0,0,0,0,0,0,0,0
"1061","Puebla",2011,0.596985037934561,0,6,0,0,1,0,0,0,0,0,0
"1062","Puebla",2011,0.170567153695589,0,1,0,0,0,0,0,0,0,0,0
"1063","Puebla",2011,0.511701461086767,0,4,0,0,0,0,0,0,0,0,0
"1064","Puebla",2011,0.0852835768477945,0,1,0,0,0,0,0,0,0,0,0
"1065","Puebla",2011,0.426417884238972,0,5,0,0,0,0,0,0,0,0,0
"1066","Puebla",2011,0.511701461086767,0,4,0,0,0,0,0,0,0,0,0
"1067",NA,2007,NA,0,0,0,0,0,0,0,0,0,0,0
"1068",NA,2007,NA,0,0,0,0,0,0,0,0,0,0,0
"1069",NA,2007,NA,0,0,0,0,0,0,0,0,0,0,0
"1070",NA,2007,NA,0,0,0,0,0,0,0,0,0,0,0
"1071",NA,2008,NA,0,1,0,0,0,0,0,0,0,0,0
"1072",NA,2008,NA,0,1,0,0,0,0,0,0,0,0,0
"1073",NA,2008,NA,0,1,0,0,0,0,0,0,0,0,0
"1074",NA,2009,NA,0,1,0,0,0,0,0,0,0,0,0
"1075",NA,2009,NA,0,1,0,0,0,0,0,0,0,0,0
"1076",NA,2009,NA,0,1,0,0,0,0,0,0,0,0,0
"1077",NA,2009,NA,1,2,0,0,0,0,0,0,0,0,0
"1078",NA,2009,NA,0,0,0,0,0,0,0,0,0,0,0
"1079",NA,2010,NA,0,1,0,0,0,0,0,0,0,0,0
"1080",NA,2010,NA,0,1,0,0,0,0,0,0,0,0,0
"1081",NA,2010,NA,0,3,0,0,0,0,0,0,0,0,0
"1082",NA,2010,NA,0,1,0,0,0,0,0,0,0,0,0
"1083",NA,2010,NA,0,1,0,1,0,0,0,0,0,0,0
"1084",NA,2010,NA,0,0,1,0,0,0,0,0,0,0,0
"1085",NA,2011,NA,0,0,0,0,0,0,0,0,0,0,0
"1086",NA,2011,NA,0,1,0,0,0,0,0,0,0,0,0
"1087",NA,2011,NA,0,0,0,0,0,0,0,0,0,0,0
"1088",NA,2011,NA,0,0,0,0,0,0,0,0,0,0,0
"1089",NA,2011,NA,0,1,0,0,0,0,0,0,0,0,0
"1090",NA,2011,NA,0,2,0,0,0,0,0,0,0,0,0
"1091",NA,2011,NA,0,1,0,0,0,0,0,0,0,0,0
"1092","Quintana Roo",2007,1.66222022755795,0,0,0,0,0,0,0,0,0,0,0
"1093","Quintana Roo",2007,2.07777528444744,0,0,0,0,0,0,0,0,0,0,0
"1094","Quintana Roo",2007,1.24666517066846,0,0,0,0,0,0,0,0,0,0,0
"1095","Quintana Roo",2007,0.831110113778975,0,0,0,0,1,0,0,0,0,0,0
"1096","Quintana Roo",2007,0.415555056889487,0,0,0,0,0,0,0,0,0,0,0
"1097","Quintana Roo",2007,0.831110113778975,0,0,0,0,0,0,0,0,0,0,0
"1098","Quintana Roo",2007,0.415555056889487,0,0,0,0,0,0,0,0,0,0,0
"1099","Quintana Roo",2007,0.831110113778975,0,0,0,0,0,0,0,0,0,0,0
"1100","Quintana Roo",2007,2.49333034133692,1,0,0,0,0,0,0,0,0,0,0
"1101","Quintana Roo",2008,1.21419392700671,0,0,0,0,0,0,0,0,0,0,0
"1102","Quintana Roo",2008,1.21419392700671,0,1,1,1,0,0,0,0,0,0,0
"1103","Quintana Roo",2008,0.809462618004472,0,2,0,0,0,0,0,0,0,0,0
"1104","Quintana Roo",2008,1.21419392700671,0,3,0,0,0,0,0,0,0,0,0
"1105","Quintana Roo",2008,0.404731309002236,0,1,0,0,0,0,0,0,0,0,0
"1106","Quintana Roo",2008,1.21419392700671,0,2,0,0,0,0,0,0,0,0,0
"1107","Quintana Roo",2008,2.02365654501118,0,3,0,0,1,0,0,1,0,0,0
"1108","Quintana Roo",2008,0.809462618004472,0,1,0,0,0,0,0,0,0,0,0
"1109","Quintana Roo",2008,0.809462618004472,0,1,0,0,0,0,0,0,0,0,0
"1110","Quintana Roo",2008,0.809462618004472,0,1,0,0,0,0,0,0,0,0,0
"1111","Quintana Roo",2009,0.394457088985575,0,0,0,0,0,0,0,0,0,0,0
"1112","Quintana Roo",2009,1.97228544492787,0,4,0,0,0,0,0,0,0,0,0
"1113","Quintana Roo",2009,0.394457088985575,0,0,0,0,0,0,0,0,0,0,0
"1114","Quintana Roo",2009,1.18337126695672,0,1,0,0,0,0,0,0,0,0,1
"1115","Quintana Roo",2009,1.18337126695672,0,2,0,0,0,0,0,0,0,0,0
"1116","Quintana Roo",2009,3.1556567118846,1,3,0,0,0,0,1,0,0,1,1
"1117","Quintana Roo",2009,0.788914177971149,1,1,0,0,0,0,0,0,0,0,0
"1118","Quintana Roo",2009,1.18337126695672,0,3,0,0,0,0,0,0,0,0,0
"1119","Quintana Roo",2009,0.788914177971149,1,1,1,0,1,0,0,0,0,1,1
"1120","Quintana Roo",2009,1.5778283559423,0,2,0,0,0,0,0,1,0,2,0
"1121","Quintana Roo",2010,0.769383166281013,0,1,0,0,2,0,0,0,0,1,0
"1122","Quintana Roo",2010,1.15407474942152,0,2,0,0,0,0,0,0,0,1,0
"1123","Quintana Roo",2010,2.69284108198355,0,1,3,0,4,0,0,0,0,4,0
"1124","Quintana Roo",2010,8.07852324595064,0,3,0,0,0,0,1,0,0,4,1
"1125","Quintana Roo",2010,1.53876633256203,0,1,0,0,0,0,0,0,0,0,0
"1126","Quintana Roo",2010,5.00099058082659,1,2,0,0,0,0,0,0,0,0,0
"1127","Quintana Roo",2010,0.769383166281013,0,2,0,0,0,0,0,0,0,0,0
"1128","Quintana Roo",2010,1.15407474942152,0,1,0,1,0,0,0,0,0,0,0
"1129","Quintana Roo",2010,0.769383166281013,0,2,0,0,0,0,0,0,0,0,0
"1130","Quintana Roo",2010,2.69284108198355,0,4,0,1,0,0,0,0,0,0,0
"1131","Quintana Roo",2011,2.25238753078263,0,4,1,0,3,0,0,0,0,1,0
"1132","Quintana Roo",2011,1.12619376539131,0,3,0,0,0,0,0,0,0,0,0
"1133","Quintana Roo",2011,2.62778545257973,0,2,0,1,2,0,0,0,0,1,0
"1134","Quintana Roo",2011,0.375397921797105,0,0,1,1,0,0,0,0,0,0,0
"1135","Quintana Roo",2011,1.87698960898552,0,2,0,0,0,0,0,0,0,0,0
"1136","Quintana Roo",2011,2.25238753078263,0,2,1,0,0,0,0,0,0,0,0
"1137","Quintana Roo",2011,1.12619376539131,0,2,0,1,1,0,0,0,0,0,0
"1138","Quintana Roo",2011,3.00318337437684,0,7,0,0,1,0,0,0,0,1,1
"1139","Quintana Roo",2011,1.87698960898552,0,5,0,0,0,0,0,0,0,0,0
"1140","Quintana Roo",2011,5.63096882695657,1,7,4,0,0,0,0,0,0,0,0
"1141","Quintana Roo",2011,1.50159168718842,0,3,0,0,1,0,0,0,0,1,0
"1142","San Luis Potosí",2007,0.200979170518767,0,0,0,0,0,0,0,0,0,0,0
"1143","San Luis Potosí",2007,0.200979170518767,0,0,0,0,0,0,0,0,0,0,0
"1144","San Luis Potosí",2007,0.200979170518767,0,0,0,0,0,0,0,0,0,0,0
"1145","San Luis Potosí",2007,0.200979170518767,0,0,0,0,0,0,0,0,0,0,0
"1146","San Luis Potosí",2007,0.200979170518767,0,0,0,0,0,0,0,0,0,0,0
"1147","San Luis Potosí",2008,0.396415374336029,0,1,0,0,0,0,0,0,0,1,0
"1148","San Luis Potosí",2008,0.198207687168015,0,1,0,0,0,0,0,0,0,0,0
"1149","San Luis Potosí",2008,0.792830748672058,0,2,0,0,0,0,0,0,0,0,0
"1150","San Luis Potosí",2008,0.594623061504044,0,1,0,0,0,0,0,0,0,0,0
"1151","San Luis Potosí",2008,0.396415374336029,0,2,0,0,0,0,0,0,0,0,0
"1152","San Luis Potosí",2008,0.792830748672058,0,2,0,0,0,0,0,0,0,0,0
"1153","San Luis Potosí",2008,0.396415374336029,1,0,0,0,0,0,0,0,0,0,0
"1154","San Luis Potosí",2008,1.3874538101761,0,4,0,0,1,0,0,0,0,0,0
"1155","San Luis Potosí",2008,1.78386918451213,0,4,0,0,0,0,0,0,0,0,0
"1156","San Luis Potosí",2009,0.19551179219599,0,1,0,0,0,0,0,0,0,0,0
"1157","San Luis Potosí",2009,0.19551179219599,0,1,0,0,0,0,0,0,0,0,0
"1158","San Luis Potosí",2009,0.391023584391981,0,0,0,0,0,0,0,0,0,0,1
"1159","San Luis Potosí",2009,0.19551179219599,0,1,0,0,0,0,0,0,0,0,0
"1160","San Luis Potosí",2009,0.19551179219599,0,1,0,0,0,0,0,0,0,0,0
"1161","San Luis Potosí",2010,0.578664746528446,1,2,0,0,0,0,0,0,0,0,0
"1162","San Luis Potosí",2010,0.192888248842815,0,0,1,0,0,0,0,0,0,0,0
"1163","San Luis Potosí",2010,1.15732949305689,1,3,1,0,0,0,0,0,0,1,0
"1164","San Luis Potosí",2010,0.964441244214076,0,3,0,0,0,0,0,0,0,2,0
"1165","San Luis Potosí",2010,0.964441244214076,0,1,1,1,0,0,0,0,0,2,1
"1166","San Luis Potosí",2010,1.35021774189971,0,3,0,0,0,0,0,0,0,1,2
"1167","San Luis Potosí",2010,1.54310599074252,0,5,0,0,0,0,0,0,0,1,0
"1168","San Luis Potosí",2010,0.964441244214076,0,3,0,0,0,0,0,0,0,2,0
"1169","San Luis Potosí",2010,3.8577649768563,0,11,1,0,0,0,0,0,0,0,1
"1170","San Luis Potosí",2010,3.27910023032786,0,6,1,0,0,0,0,0,0,3,4
"1171","San Luis Potosí",2010,1.35021774189971,0,6,0,0,0,0,0,0,0,0,0
"1172","San Luis Potosí",2010,2.31465898611378,0,5,0,0,0,0,0,0,0,2,2
"1173","San Luis Potosí",2011,3.42601529487428,0,7,2,0,4,0,0,0,0,3,2
"1174","San Luis Potosí",2011,2.85501274572857,0,6,2,1,1,0,0,0,0,3,1
"1175","San Luis Potosí",2011,2.66467856268,0,6,1,0,1,0,0,0,0,0,2
"1176","San Luis Potosí",2011,2.09367601353428,0,6,2,0,0,0,0,0,0,0,1
"1177","San Luis Potosí",2011,3.80668366097142,0,10,1,0,1,0,0,0,0,1,0
"1178","San Luis Potosí",2011,0.761336732194285,0,1,0,0,0,0,0,0,0,0,0
"1179","San Luis Potosí",2011,1.52267346438857,1,3,0,1,0,0,0,0,0,0,1
"1180","San Luis Potosí",2011,0.380668366097142,0,1,0,0,1,0,0,0,0,0,1
"1181","San Luis Potosí",2011,0.951670915242856,0,3,0,0,0,0,0,0,0,0,0
"1182","San Luis Potosí",2011,0.951670915242856,0,2,0,0,0,0,0,0,0,0,0
"1183","San Luis Potosí",2011,1.90334183048571,0,3,0,0,2,0,0,0,0,1,1
"1184","Sinaloa",2007,2.42507633394122,0,0,0,0,0,0,0,0,0,0,0
"1185","Sinaloa",2007,0.373088666760188,0,0,0,0,0,0,0,0,0,0,0
"1186","Sinaloa",2007,6.90214033506347,0,0,0,0,0,0,0,0,0,0,0
"1187","Sinaloa",2007,5.40978566802272,0,0,0,0,0,0,0,0,0,0,0
"1188","Sinaloa",2007,4.66360833450234,0,0,0,0,1,0,0,0,0,0,0
"1189","Sinaloa",2007,7.08868466844356,1,0,0,0,0,0,0,0,0,0,0
"1190","Sinaloa",2007,5.22324133464263,0,0,0,0,2,0,0,0,0,1,0
"1191","Sinaloa",2007,10.0733940025251,0,0,0,0,0,0,0,0,0,0,0
"1192","Sinaloa",2007,9.70030533576488,1,0,0,0,0,0,0,0,0,0,0
"1193","Sinaloa",2007,10.0733940025251,0,0,0,0,1,0,0,0,0,0,0
"1194","Sinaloa",2007,8.39449500210422,0,0,0,0,0,0,0,0,0,0,0
"1195","Sinaloa",2007,6.71559600168338,0,0,0,0,1,0,0,0,0,0,0
"1196","Sinaloa",2008,7.55887162639263,0,30,0,0,0,0,0,0,0,0,0
"1197","Sinaloa",2008,4.7934307874685,0,17,0,0,0,0,0,0,0,0,0
"1198","Sinaloa",2008,10.5086751879117,1,36,0,0,0,0,0,0,0,0,0
"1199","Sinaloa",2008,9.40249885234205,0,34,0,0,1,0,0,0,0,1,0
"1200","Sinaloa",2008,16.2239195883549,0,50,2,0,4,0,1,1,0,0,1
"1201","Sinaloa",2008,19.7268113176588,0,61,1,0,1,0,0,0,0,1,0
"1202","Sinaloa",2008,23.0453403243678,1,65,4,0,2,0,2,1,0,0,3
"1203","Sinaloa",2008,14.0115669172156,0,54,2,0,8,0,3,3,0,2,6
"1204","Sinaloa",2008,15.4864686979751,2,48,4,0,6,0,0,1,0,0,4
"1205","Sinaloa",2008,16.03955686576,0,59,1,0,1,0,0,0,0,0,1
"1206","Sinaloa",2008,20.8329876532285,0,66,1,0,0,0,0,0,0,0,0
"1207","Sinaloa",2008,19.9111740402538,0,66,0,0,0,0,0,0,0,0,0
"1208","Sinaloa",2009,8.38265432011024,0,36,0,0,0,0,0,0,0,0,0
"1209","Sinaloa",2009,8.38265432011024,0,36,1,0,0,0,0,0,0,0,0
"1210","Sinaloa",2009,14.3962976367111,0,62,1,0,0,0,0,0,0,0,0
"1211","Sinaloa",2009,9.47604401403767,0,41,0,1,1,0,0,0,0,0,0
"1212","Sinaloa",2009,13.3029079427836,0,54,0,0,0,0,0,0,0,0,0
"1213","Sinaloa",2009,13.8496027897474,1,54,1,0,6,1,7,14,0,0,5
"1214","Sinaloa",2009,14.2140660210565,1,63,2,1,0,0,10,9,0,1,5
"1215","Sinaloa",2009,17.1297718715296,0,58,1,1,4,1,6,11,0,0,1
"1216","Sinaloa",2009,20.9566358002756,0,75,0,0,1,0,11,15,0,0,1
"1217","Sinaloa",2009,14.2140660210565,0,65,3,0,4,0,9,9,0,0,1
"1218","Sinaloa",2009,26.7880475012219,1,101,1,0,2,0,7,8,0,0,8
"1219","Sinaloa",2009,24.7834997290216,1,107,0,0,10,0,23,23,0,0,6
"1220","Sinaloa",2010,34.7687983002561,2,132,4,4,11,0,33,27,0,0,21
"1221","Sinaloa",2010,32.9673061603465,1,113,5,1,9,0,26,24,0,0,3
"1222","Sinaloa",2010,27.0223820986447,0,101,1,0,4,0,15,17,0,0,3
"1223","Sinaloa",2010,29.7246203085091,0,109,1,1,6,0,20,23,0,1,15
"1224","Sinaloa",2010,22.3385025348796,0,97,1,0,2,0,25,19,0,2,1
"1225","Sinaloa",2010,27.2025313126356,1,96,0,0,4,0,18,24,0,0,5
"1226","Sinaloa",2010,30.265067950482,1,110,2,1,2,0,2,0,0,0,0
"1227","Sinaloa",2010,27.5628297406176,2,95,2,1,3,0,1,3,0,0,5
"1228","Sinaloa",2010,19.9965627529971,0,75,3,3,1,0,0,0,0,0,1
"1229","Sinaloa",2010,22.8789501768525,1,87,4,2,3,0,3,2,0,0,6
"1230","Sinaloa",2010,13.8714894773043,1,54,2,1,1,0,0,1,0,0,0
"1231","Sinaloa",2010,21.2576072509338,1,83,4,1,6,0,1,1,0,1,5
"1232","Sinaloa",2011,18.8800698776322,0,77,2,0,2,0,1,0,0,1,2
"1233","Sinaloa",2011,16.3864757428506,0,61,4,0,1,0,1,2,0,0,7
"1234","Sinaloa",2011,18.3457282773219,0,60,2,0,2,0,1,1,0,0,3
"1235","Sinaloa",2011,28.8544464167587,0,107,2,0,1,0,7,0,0,0,7
"1236","Sinaloa",2011,14.9615648086897,1,65,1,0,1,0,1,0,0,0,0
"1237","Sinaloa",2011,19.0581837444023,1,73,4,1,1,0,1,0,0,3,2
"1238","Sinaloa",2011,17.6332728102414,0,70,3,0,2,0,0,0,0,1,2
"1239","Sinaloa",2011,19.9487530782529,0,76,1,1,0,0,1,0,0,0,0
"1240","Sinaloa",2011,18.523842144092,1,84,2,0,2,3,2,1,0,0,7
"1241","Sinaloa",2011,15.495906409,0,62,1,0,1,0,0,1,0,1,1
"1242","Sinaloa",2011,20.3049808117931,2,57,1,0,1,0,0,0,0,0,0
"1243","Sonora",2007,0.994874802965045,0,0,0,0,0,0,0,0,0,0,0
"1244","Sonora",2007,1.39282472415106,0,0,0,0,0,0,0,0,0,0,0
"1245","Sonora",2007,3.97949921186018,0,0,0,0,0,0,0,0,0,0,0
"1246","Sonora",2007,1.98974960593009,1,0,0,0,0,0,0,0,0,0,0
"1247","Sonora",2007,3.78052425126717,0,0,0,0,1,0,0,0,0,0,0
"1248","Sonora",2007,1.19384976355805,0,0,0,0,0,0,0,0,0,0,0
"1249","Sonora",2007,0.994874802965045,0,0,0,0,0,0,0,0,0,0,0
"1250","Sonora",2007,1.39282472415106,0,0,0,0,0,0,0,0,0,0,0
"1251","Sonora",2007,1.19384976355805,0,0,0,0,0,0,0,0,0,0,0
"1252","Sonora",2007,0.596924881779027,0,0,0,0,0,0,0,0,0,0,0
"1253","Sonora",2007,2.1887245665231,0,0,0,0,0,0,0,0,0,0,0
"1254","Sonora",2007,0.994874802965045,0,0,0,0,0,0,0,0,0,0,0
"1255","Sonora",2008,1.1689756208186,0,1,0,0,0,0,0,0,0,0,0
"1256","Sonora",2008,0.974146350682165,0,4,0,0,0,0,0,0,0,0,0
"1257","Sonora",2008,1.36380489095503,0,6,0,0,1,0,0,0,0,0,0
"1258","Sonora",2008,0.779317080545732,0,3,0,0,0,0,0,0,0,0,0
"1259","Sonora",2008,1.94829270136433,0,4,0,0,0,0,0,0,0,0,1
"1260","Sonora",2008,2.72760978191006,0,10,0,0,0,0,0,0,0,0,0
"1261","Sonora",2008,5.26039029368369,1,14,0,0,1,0,0,0,0,0,0
"1262","Sonora",2008,6.42936591450229,0,14,1,0,1,0,0,0,0,1,1
"1263","Sonora",2008,4.0914146728651,1,16,0,0,0,0,0,0,0,0,0
"1264","Sonora",2008,6.23453664436586,0,23,0,0,2,0,0,1,0,0,1
"1265","Sonora",2008,4.28624394300153,0,14,0,1,0,0,0,0,0,0,0
"1266","Sonora",2008,4.67590248327439,1,14,0,0,1,0,0,0,0,0,0
"1267","Sonora",2009,2.86279319296486,0,9,0,0,0,0,0,0,0,0,0
"1268","Sonora",2009,4.58046910874377,0,13,0,0,1,0,0,1,0,0,1
"1269","Sonora",2009,3.43535183155783,0,13,0,0,1,0,0,0,0,0,0
"1270","Sonora",2009,4.38961622921278,0,15,0,0,0,0,0,0,0,0,0
"1271","Sonora",2009,4.96217486780575,0,16,0,0,1,0,0,0,0,0,0
"1272","Sonora",2009,9.92434973561151,0,18,0,1,1,0,0,4,0,0,2
"1273","Sonora",2009,4.19876334968179,0,20,0,0,1,0,0,3,0,0,0
"1274","Sonora",2009,5.15302774733674,0,18,0,1,2,0,2,4,0,0,1
"1275","Sonora",2009,3.81705759061981,0,8,0,0,3,0,3,4,0,0,1
"1276","Sonora",2009,5.53473350639872,1,7,1,0,2,0,0,4,0,0,1
"1277","Sonora",2009,5.91643926546071,0,17,0,1,1,0,3,6,0,0,0
"1278","Sonora",2009,10.6877612537355,0,25,0,4,10,0,8,7,0,0,4
"1279","Sonora",2010,11.0350895273073,0,28,1,2,4,0,2,4,0,0,5
"1280","Sonora",2010,7.10734579724875,0,25,0,0,0,0,2,0,0,0,0
"1281","Sonora",2010,7.66845204439996,0,19,0,0,0,0,2,0,0,0,0
"1282","Sonora",2010,6.7332749658146,0,21,1,0,1,0,1,3,0,0,0
"1283","Sonora",2010,7.48141662868289,0,21,0,0,1,0,3,6,0,0,2
"1284","Sonora",2010,5.23699164007802,0,20,1,0,0,0,1,1,0,0,1
"1285","Sonora",2010,7.85548746011704,0,32,1,1,0,0,0,1,0,0,1
"1286","Sonora",2010,6.54623955009753,0,28,0,0,0,0,1,1,0,0,0
"1287","Sonora",2010,5.61106247151217,0,22,1,0,2,0,0,0,0,1,1
"1288","Sonora",2010,7.29438121296582,0,13,3,0,3,0,2,0,0,2,2
"1289","Sonora",2010,1.87035415717072,0,9,0,0,0,0,0,0,0,0,0
"1290","Sonora",2010,4.86292080864388,0,14,0,0,0,0,0,1,0,0,0
"1291","Sonora",2011,6.7846038634835,1,26,1,0,0,0,0,0,0,0,0
"1292","Sonora",2011,4.03408878369289,0,15,0,0,0,0,0,0,0,0,0
"1293","Sonora",2011,9.35175127128807,0,11,2,1,2,2,0,0,0,0,4
"1294","Sonora",2011,5.31766248759518,0,19,1,0,1,0,0,0,0,0,4
"1295","Sonora",2011,2.75051507979061,0,12,0,0,0,0,0,0,0,0,0
"1296","Sonora",2011,2.93388275177665,0,10,1,0,0,0,0,0,0,0,0
"1297","Sonora",2011,2.75051507979061,0,11,0,0,0,0,0,0,0,0,0
"1298","Sonora",2011,1.46694137588832,0,6,0,0,0,0,0,0,0,0,0
"1299","Sonora",2011,4.58419179965101,0,22,1,0,0,0,0,0,0,0,1
"1300","Sonora",2011,6.41786851951142,0,21,0,2,1,0,0,0,0,0,0
"1301","Sonora",2011,3.48398576773477,0,14,0,0,0,0,0,0,0,0,0
"1302","Tabasco",2007,0.47833226585516,0,0,0,0,0,0,0,0,0,0,0
"1303","Tabasco",2007,0.71749839878274,0,0,0,0,0,0,0,0,0,0,0
"1304","Tabasco",2007,2.15249519634822,0,0,0,0,0,0,0,0,0,1,0
"1305","Tabasco",2007,0.47833226585516,0,0,0,0,0,0,0,0,0,0,0
"1306","Tabasco",2007,0.71749839878274,0,0,0,0,0,0,0,0,0,0,0
"1307","Tabasco",2007,0.71749839878274,0,0,0,0,0,0,0,0,0,0,0
"1308","Tabasco",2007,0.23916613292758,0,0,0,0,1,0,0,0,0,0,0
"1309","Tabasco",2008,0.467223456860207,0,1,0,0,0,0,0,0,0,0,0
"1310","Tabasco",2008,0.233611728430103,0,0,0,0,0,0,0,0,0,0,0
"1311","Tabasco",2008,0.233611728430103,0,0,0,0,0,0,0,0,0,0,0
"1312","Tabasco",2008,0.467223456860207,0,1,0,0,0,0,0,0,0,0,0
"1313","Tabasco",2008,0.233611728430103,0,0,0,0,0,0,0,0,0,0,0
"1314","Tabasco",2008,0.70083518529031,0,1,1,0,0,0,0,0,0,0,1
"1315","Tabasco",2008,0.70083518529031,0,2,0,0,0,0,0,0,0,0,0
"1316","Tabasco",2008,1.40167037058062,0,4,1,0,0,0,0,0,0,0,0
"1317","Tabasco",2008,0.233611728430103,0,1,0,0,0,0,0,0,0,0,0
"1318","Tabasco",2008,0.70083518529031,0,1,0,1,0,0,0,0,0,0,0
"1319","Tabasco",2008,0.934446913720414,0,4,0,0,0,0,0,0,0,1,0
"1320","Tabasco",2008,0.467223456860207,0,1,0,0,0,0,0,0,0,0,0
"1321","Tabasco",2009,0.91323721359454,0,2,0,0,0,0,0,0,0,0,0
"1322","Tabasco",2009,3.42463955097953,0,4,0,0,0,0,0,0,0,0,0
"1323","Tabasco",2009,0.228309303398635,0,0,0,0,0,0,0,0,0,0,0
"1324","Tabasco",2009,0.684927910195905,0,3,0,0,0,0,0,0,0,0,0
"1325","Tabasco",2009,2.96802094418226,0,5,1,0,0,0,0,0,0,0,0
"1326","Tabasco",2009,0.91323721359454,0,2,0,0,0,0,0,0,0,0,1
"1327","Tabasco",2009,0.228309303398635,0,1,0,0,0,0,0,0,0,0,0
"1328","Tabasco",2009,2.05478373058772,0,6,0,0,0,0,0,0,0,4,0
"1329","Tabasco",2009,1.14154651699318,0,2,0,0,0,0,0,0,0,0,0
"1330","Tabasco",2009,0.45661860679727,0,2,0,0,0,0,0,0,1,1,0
"1331","Tabasco",2009,0.91323721359454,0,1,0,0,0,0,0,0,0,1,0
"1332","Tabasco",2010,1.11621170249743,0,5,0,0,2,0,0,0,0,3,0
"1333","Tabasco",2010,1.11621170249743,0,2,1,1,0,0,0,0,0,2,0
"1334","Tabasco",2010,0.892969361997948,0,2,0,0,0,0,0,0,0,0,0
"1335","Tabasco",2010,1.56269638349641,1,6,0,0,0,0,0,0,0,0,0
"1336","Tabasco",2010,0.446484680998974,0,1,0,0,0,0,0,0,0,0,0
"1337","Tabasco",2010,0.892969361997948,0,3,0,0,1,0,0,0,0,1,0
"1338","Tabasco",2010,0.223242340499487,0,0,0,0,0,0,0,0,0,1,0
"1339","Tabasco",2010,2.45566574549436,0,7,0,0,1,0,0,0,0,0,0
"1340","Tabasco",2010,1.7859387239959,0,6,1,0,4,0,0,0,0,3,1
"1341","Tabasco",2010,0.892969361997948,1,2,0,0,0,0,0,0,0,1,0
"1342","Tabasco",2010,2.00918106449538,0,6,1,0,0,0,0,0,0,1,0
"1343","Tabasco",2010,2.00918106449538,0,8,1,0,2,0,0,0,0,4,0
"1344","Tabasco",2011,1.52876780659602,0,5,1,0,1,0,0,0,0,2,1
"1345","Tabasco",2011,0.655186202826866,0,3,0,0,1,0,0,0,0,1,0
"1346","Tabasco",2011,3.05753561319204,0,9,0,2,1,0,0,0,0,1,0
"1347","Tabasco",2011,1.31037240565373,0,5,1,0,1,0,0,0,0,0,0
"1348","Tabasco",2011,4.14951261790349,0,7,0,0,4,0,0,0,0,3,0
"1349","Tabasco",2011,2.18395400942289,0,7,1,0,1,0,0,0,0,0,1
"1350","Tabasco",2011,2.62074481130747,0,9,0,0,0,0,0,0,0,0,0
"1351","Tabasco",2011,1.9655586084806,0,5,0,0,0,0,0,0,0,0,0
"1352","Tabasco",2011,0.436790801884578,1,2,0,0,0,0,0,0,0,0,0
"1353","Tabasco",2011,0.655186202826866,0,3,0,0,0,0,0,0,0,0,0
"1354","Tabasco",2011,1.52876780659602,0,7,0,0,1,0,0,0,0,1,0
"1355","Tamaulipas",2007,1.27705929003166,0,0,0,0,0,0,0,0,0,0,0
"1356","Tamaulipas",2007,0.478897233761872,0,0,0,0,0,0,0,0,0,0,0
"1357","Tamaulipas",2007,0.159632411253957,0,0,0,0,0,0,0,0,0,0,0
"1358","Tamaulipas",2007,1.27705929003166,0,0,0,0,0,0,0,0,0,0,0
"1359","Tamaulipas",2007,0.798162056269786,0,0,0,0,1,0,0,0,0,0,1
"1360","Tamaulipas",2007,0.478897233761872,0,0,0,0,0,0,0,0,0,0,0
"1361","Tamaulipas",2007,0.159632411253957,0,0,0,0,0,0,0,0,0,0,0
"1362","Tamaulipas",2007,0.638529645015829,0,0,0,0,0,0,0,0,0,0,0
"1363","Tamaulipas",2007,0.957794467523744,0,0,0,0,0,0,0,0,0,0,0
"1364","Tamaulipas",2007,1.43669170128562,0,0,0,0,0,0,0,0,0,0,0
"1365","Tamaulipas",2007,1.91558893504749,0,0,0,0,0,0,0,0,0,0,0
"1366","Tamaulipas",2007,2.07522134630144,0,0,0,0,0,0,0,0,0,0,0
"1367","Tamaulipas",2008,1.10032651403356,0,4,0,0,0,0,0,0,0,0,0
"1368","Tamaulipas",2008,1.25751601603836,0,5,0,0,0,0,0,0,0,0,0
"1369","Tamaulipas",2008,1.10032651403356,0,3,0,0,0,0,0,0,0,0,0
"1370","Tamaulipas",2008,0.62875800801918,0,4,0,0,1,0,0,0,1,0,0
"1371","Tamaulipas",2008,1.10032651403356,0,4,0,0,0,0,0,0,0,0,0
"1372","Tamaulipas",2008,0.94313701202877,0,4,0,0,0,0,0,0,0,0,0
"1373","Tamaulipas",2008,0.94313701202877,0,5,0,0,0,0,0,0,0,0,0
"1374","Tamaulipas",2008,1.41470551804315,0,7,0,1,0,0,0,0,0,0,0
"1375","Tamaulipas",2008,0.471568506014385,0,2,0,0,0,0,0,0,0,0,0
"1376","Tamaulipas",2008,0.785947510023975,1,4,0,0,1,0,0,0,0,0,0
"1377","Tamaulipas",2008,0.62875800801918,0,3,0,0,0,0,0,0,0,0,0
"1378","Tamaulipas",2008,0.471568506014385,0,2,0,0,0,0,0,0,0,0,0
"1379","Tamaulipas",2009,0.928922417483435,0,4,0,0,0,0,0,0,0,0,0
"1380","Tamaulipas",2009,1.08374282039734,0,4,0,0,0,0,0,0,0,0,0
"1381","Tamaulipas",2009,0.464461208741717,1,2,0,0,0,0,0,0,0,0,0
"1382","Tamaulipas",2009,0.309640805827812,0,2,0,0,0,0,0,0,0,0,0
"1383","Tamaulipas",2009,0.154820402913906,0,1,0,0,0,0,0,0,0,1,0
"1384","Tamaulipas",2009,1.23856322331125,0,5,0,0,0,0,0,0,0,1,1
"1385","Tamaulipas",2009,0.928922417483435,0,3,0,0,0,0,0,0,0,0,0
"1386","Tamaulipas",2009,0.619281611655623,0,3,0,0,0,0,0,0,0,1,1
"1387","Tamaulipas",2009,0.928922417483435,0,3,0,0,0,0,0,0,0,0,0
"1388","Tamaulipas",2009,0.154820402913906,0,1,0,0,1,0,0,0,0,0,1
"1389","Tamaulipas",2009,0.309640805827812,0,1,0,0,0,0,0,0,0,0,1
"1390","Tamaulipas",2009,0.309640805827812,0,2,0,0,0,0,0,0,0,0,0
"1391","Tamaulipas",2010,0.305043125471864,0,1,0,0,0,0,0,0,0,0,0
"1392","Tamaulipas",2010,2.28782344103898,0,6,0,0,1,0,0,0,0,1,0
"1393","Tamaulipas",2010,7.16851344858879,0,18,5,0,3,0,0,0,0,3,2
"1394","Tamaulipas",2010,10.2189447033074,2,29,4,0,4,0,0,0,0,3,3
"1395","Tamaulipas",2010,6.10086250943727,0,20,3,0,2,0,0,0,0,1,1
"1396","Tamaulipas",2010,11.286595642459,1,33,0,0,6,0,0,0,0,5,5
"1397","Tamaulipas",2010,7.77859969953252,0,14,5,1,2,0,0,0,0,1,1
"1398","Tamaulipas",2010,16.6248503382166,0,15,0,0,4,0,0,0,0,4,3
"1399","Tamaulipas",2010,2.59286656651084,0,9,0,0,0,0,0,0,0,1,1
"1400","Tamaulipas",2010,5.33825469575761,0,12,4,0,4,0,0,0,0,4,3
"1401","Tamaulipas",2010,10.0664231405715,0,18,5,1,2,0,0,0,0,3,5
"1402","Tamaulipas",2010,7.32103501132473,0,15,4,7,5,0,0,0,0,5,6
"1403","Tamaulipas",2011,6.01159968216672,0,16,6,4,2,0,0,0,0,2,2
"1404","Tamaulipas",2011,7.96536957887091,0,10,3,1,1,0,0,0,0,0,1
"1405","Tamaulipas",2011,9.61855949146676,1,21,3,1,3,0,0,0,0,3,2
"1406","Tamaulipas",2011,31.7111883234295,0,13,2,2,1,0,0,0,0,1,1
"1407","Tamaulipas",2011,10.0694294676293,0,19,5,1,7,0,0,0,0,2,6
"1408","Tamaulipas",2011,6.6127596503834,2,15,3,2,2,0,0,0,0,3,2
"1409","Tamaulipas",2011,5.56072970600422,0,6,3,5,4,0,0,0,0,1,4
"1410","Tamaulipas",2011,3.90753979340837,0,14,3,2,2,0,0,0,0,2,3
"1411","Tamaulipas",2011,6.16188967422089,0,15,4,1,2,0,0,0,0,3,3
"1412","Tamaulipas",2011,9.16768951530426,0,17,4,3,2,0,0,0,0,4,1
"1413","Tamaulipas",2011,4.50869976162504,0,19,2,0,1,0,0,0,0,0,0
"1414","Tlaxcala",2008,0.466691525768606,0,1,0,0,0,0,0,0,0,0,0
"1415","Tlaxcala",2008,0.466691525768606,0,0,0,0,0,0,0,0,0,0,0
"1416","Tlaxcala",2008,0.466691525768606,0,0,0,0,0,0,0,0,0,0,0
"1417","Tlaxcala",2009,0.458628709331672,0,0,0,0,0,0,0,0,0,0,0
"1418","Tlaxcala",2009,1.83451483732669,0,1,0,0,0,0,0,0,0,0,0
"1419","Tlaxcala",2010,0.450839959929344,0,0,0,0,0,0,0,0,0,0,0
"1420","Tlaxcala",2010,0.901679919858689,0,1,0,0,0,0,0,0,0,0,0
"1421","Tlaxcala",2011,1.32993402197317,0,1,0,0,0,0,0,0,0,0,0
"1422","Tlaxcala",2011,0.886622681315447,0,2,0,0,0,0,0,0,0,0,0
"1423","Tlaxcala",2011,0.886622681315447,0,1,0,0,0,0,0,0,0,0,0
"1424","Tlaxcala",2011,0.443311340657723,0,1,0,0,0,0,0,0,0,0,0
"1425","Veracruz de Ignacio de la Llave",2007,0.0706716677707937,0,0,0,0,0,0,0,0,0,0,0
"1426","Veracruz de Ignacio de la Llave",2007,0.424030006624762,0,0,0,0,0,0,0,0,0,0,0
"1427","Veracruz de Ignacio de la Llave",2007,0.565373342166349,0,0,0,0,0,0,0,0,0,0,0
"1428","Veracruz de Ignacio de la Llave",2007,1.20141835210349,0,0,0,0,1,0,0,0,0,0,2
"1429","Veracruz de Ignacio de la Llave",2007,0.353358338853968,0,0,0,0,0,0,0,0,0,1,0
"1430","Veracruz de Ignacio de la Llave",2007,0.141343335541587,0,0,0,0,0,0,0,0,0,0,0
"1431","Veracruz de Ignacio de la Llave",2007,0.706716677707937,0,0,0,0,0,0,0,0,0,0,0
"1432","Veracruz de Ignacio de la Llave",2007,0.141343335541587,0,0,0,0,0,0,0,0,0,0,0
"1433","Veracruz de Ignacio de la Llave",2007,0.212015003312381,0,0,0,0,0,0,0,0,0,0,0
"1434","Veracruz de Ignacio de la Llave",2007,0.212015003312381,0,0,0,0,0,0,0,0,0,0,0
"1435","Veracruz de Ignacio de la Llave",2007,0.212015003312381,0,0,0,0,0,0,0,0,0,0,0
"1436","Veracruz de Ignacio de la Llave",2008,0.0696468362158534,0,1,0,0,0,0,0,0,0,0,0
"1437","Veracruz de Ignacio de la Llave",2008,0.348234181079267,0,4,0,0,0,0,0,0,0,0,0
"1438","Veracruz de Ignacio de la Llave",2008,0.139293672431707,0,0,1,0,0,0,0,0,0,0,0
"1439","Veracruz de Ignacio de la Llave",2008,0.278587344863414,0,2,0,0,0,0,0,0,0,1,0
"1440","Veracruz de Ignacio de la Llave",2008,0.41788101729512,0,3,0,0,0,0,0,0,0,0,0
"1441","Veracruz de Ignacio de la Llave",2008,0.41788101729512,0,3,0,0,0,0,0,0,0,2,0
"1442","Veracruz de Ignacio de la Llave",2008,0.278587344863414,1,2,1,0,0,0,0,0,0,0,1
"1443","Veracruz de Ignacio de la Llave",2008,0.487527853510974,0,6,0,0,1,0,0,0,0,2,2
"1444","Veracruz de Ignacio de la Llave",2008,0.348234181079267,1,3,1,1,0,0,0,0,0,1,0
"1445","Veracruz de Ignacio de la Llave",2008,0.41788101729512,2,4,0,0,0,0,0,0,0,1,0
"1446","Veracruz de Ignacio de la Llave",2008,0.41788101729512,1,4,1,0,0,0,0,0,0,0,0
"1447","Veracruz de Ignacio de la Llave",2009,0.82381529182421,0,8,0,0,0,0,0,0,0,0,0
"1448","Veracruz de Ignacio de la Llave",2009,0.205953822956052,0,1,0,0,1,0,0,0,0,0,0
"1449","Veracruz de Ignacio de la Llave",2009,0.0686512743186842,0,1,0,0,0,0,0,0,0,0,0
"1450","Veracruz de Ignacio de la Llave",2009,0.274605097274737,0,2,0,0,0,0,0,0,0,1,1
"1451","Veracruz de Ignacio de la Llave",2009,0.343256371593421,0,3,0,0,0,0,0,0,0,1,0
"1452","Veracruz de Ignacio de la Llave",2009,1.92223568092316,1,18,0,1,0,0,0,0,0,4,6
"1453","Veracruz de Ignacio de la Llave",2009,1.78493313228579,1,12,2,0,3,0,0,0,0,5,4
"1454","Veracruz de Ignacio de la Llave",2009,1.09842038909895,1,7,0,0,1,0,0,0,0,3,2
"1455","Veracruz de Ignacio de la Llave",2009,0.686512743186842,1,7,1,0,0,0,0,0,0,1,0
"1456","Veracruz de Ignacio de la Llave",2009,0.480558920230789,0,5,0,0,0,0,0,0,0,3,0
"1457","Veracruz de Ignacio de la Llave",2009,0.274605097274737,0,3,1,1,0,0,0,0,0,1,0
"1458","Veracruz de Ignacio de la Llave",2009,0.549210194549473,0,6,0,0,0,0,0,0,0,0,0
"1459","Veracruz de Ignacio de la Llave",2010,0.0676838420056076,0,0,0,1,0,0,0,0,0,1,0
"1460","Veracruz de Ignacio de la Llave",2010,0.473786894039253,1,5,0,0,0,0,0,0,0,1,0
"1461","Veracruz de Ignacio de la Llave",2010,0.541470736044861,1,7,0,0,1,0,0,0,0,1,1
"1462","Veracruz de Ignacio de la Llave",2010,0.473786894039253,0,4,0,0,0,0,0,0,0,0,0
"1463","Veracruz de Ignacio de la Llave",2010,0.744522262061684,0,5,4,0,1,0,0,0,1,0,0
"1464","Veracruz de Ignacio de la Llave",2010,1.15062531409533,1,10,1,0,0,0,0,0,0,2,0
"1465","Veracruz de Ignacio de la Llave",2010,1.15062531409533,0,11,1,0,2,0,0,0,1,3,0
"1466","Veracruz de Ignacio de la Llave",2010,0.609154578050468,0,6,0,1,0,0,0,0,0,0,0
"1467","Veracruz de Ignacio de la Llave",2010,0.676838420056076,1,7,0,0,1,0,0,0,0,2,1
"1468","Veracruz de Ignacio de la Llave",2010,0.947573788078506,0,9,0,0,0,0,0,0,0,1,0
"1469","Veracruz de Ignacio de la Llave",2010,1.08294147208972,0,7,2,1,1,0,0,0,0,2,0
"1470","Veracruz de Ignacio de la Llave",2010,1.7597798921458,2,13,0,0,0,0,0,0,0,3,0
"1471","Veracruz de Ignacio de la Llave",2011,1.26812264054103,1,8,1,1,0,0,0,0,0,0,0
"1472","Veracruz de Ignacio de la Llave",2011,1.40160923428219,0,8,1,0,1,0,0,0,0,0,1
"1473","Veracruz de Ignacio de la Llave",2011,1.93555560924683,1,20,1,0,0,0,0,0,0,0,0
"1474","Veracruz de Ignacio de la Llave",2011,1.40160923428219,1,13,0,0,0,0,0,0,0,1,0
"1475","Veracruz de Ignacio de la Llave",2011,1.06789274992929,0,6,1,2,0,0,0,0,0,0,0
"1476","Veracruz de Ignacio de la Llave",2011,2.53624528108205,0,13,2,5,1,0,0,0,0,1,2
"1477","Veracruz de Ignacio de la Llave",2011,2.60298857795263,1,18,5,4,1,0,0,0,0,5,1
"1478","Veracruz de Ignacio de la Llave",2011,4.27157099971714,2,38,3,1,2,0,0,0,0,7,0
"1479","Veracruz de Ignacio de la Llave",2011,8.1426822182108,1,36,3,0,2,0,0,0,0,1,1
"1480","Veracruz de Ignacio de la Llave",2011,7.8089657338579,2,30,1,1,1,0,0,0,0,2,1
"1481","Veracruz de Ignacio de la Llave",2011,4.13808440597598,0,24,1,1,1,0,0,0,0,2,0
"1482","Yucatán",2007,0.799351566009653,0,0,0,0,0,0,0,0,0,0,0
"1483","Yucatán",2007,0.266450522003218,0,0,0,0,0,0,0,0,0,0,0
"1484","Yucatán",2008,1.05050954965706,0,3,1,0,1,0,0,0,0,0,1
"1485","Yucatán",2008,3.41415603638545,1,1,2,0,1,0,0,0,0,0,0
"1486","Yucatán",2008,0.262627387414265,0,0,0,0,1,0,0,0,0,0,0
"1487","Yucatán",2009,0.258913015842111,0,1,0,0,0,0,0,0,0,0,0
"1488","Yucatán",2010,0.255302179489176,0,0,0,0,0,0,0,0,0,0,0
"1489","Yucatán",2010,0.255302179489176,0,1,0,0,0,0,0,0,0,1,0
"1490","Yucatán",2011,0.251790672313828,0,1,0,0,0,0,0,0,0,0,0
"1491","Yucatán",2011,0.251790672313828,1,1,0,0,0,0,0,0,0,1,0
"1492","Zacatecas",2007,1.05898324900297,0,0,0,0,0,0,0,0,0,0,0
"1493","Zacatecas",2007,0.705988832668645,0,0,0,0,0,0,0,0,0,0,0
"1494","Zacatecas",2008,2.42891350881886,0,1,0,0,0,0,0,0,0,0,0
"1495","Zacatecas",2008,1.7349382205849,0,2,1,0,1,0,0,0,0,1,1
"1496","Zacatecas",2008,0.346987644116981,0,1,0,0,1,0,0,0,0,1,0
"1497","Zacatecas",2008,0.346987644116981,0,1,0,0,0,0,0,0,0,0,0
"1498","Zacatecas",2008,1.38795057646792,0,1,0,0,0,0,0,0,0,0,0
"1499","Zacatecas",2009,0.341181066497896,0,1,0,0,0,0,0,0,0,0,0
"1500","Zacatecas",2009,1.70590533248948,0,0,0,0,0,0,0,0,0,0,0
"1501","Zacatecas",2009,1.02354319949369,0,2,0,0,0,0,0,0,0,0,0
"1502","Zacatecas",2009,0.682362132995792,0,1,0,0,0,0,0,0,0,0,0
"1503","Zacatecas",2009,2.38826746548527,0,3,0,0,1,0,0,1,0,1,0
"1504","Zacatecas",2009,0.341181066497896,0,1,0,0,0,0,0,0,0,1,0
"1505","Zacatecas",2009,0.682362132995792,0,1,0,0,0,0,0,0,0,1,0
"1506","Zacatecas",2009,0.682362132995792,0,1,0,0,0,0,0,0,0,0,0
"1507","Zacatecas",2009,0.341181066497896,0,0,1,0,0,0,0,0,1,0,0
"1508","Zacatecas",2010,0.671131255488595,0,1,0,0,0,0,0,0,0,0,0
"1509","Zacatecas",2010,0.335565627744298,0,1,0,0,0,0,0,0,0,0,0
"1510","Zacatecas",2010,1.34226251097719,1,3,0,0,0,0,0,0,0,0,1
"1511","Zacatecas",2010,0.335565627744298,0,1,0,0,0,0,0,0,0,0,0
"1512","Zacatecas",2010,1.00669688323289,0,2,0,0,0,0,0,0,0,0,0
"1513","Zacatecas",2010,2.34895939421008,0,1,0,0,0,0,0,0,0,0,0
"1514","Zacatecas",2010,1.34226251097719,0,1,1,0,0,0,0,0,0,2,0
"1515","Zacatecas",2010,0.335565627744298,0,1,0,0,0,0,0,0,0,0,0
"1516","Zacatecas",2011,2.31092430039243,0,3,0,0,0,0,0,0,0,0,0
"1517","Zacatecas",2011,2.31092430039243,1,2,1,0,0,0,0,0,0,0,0
"1518","Zacatecas",2011,3.30132042913204,0,1,1,0,0,0,0,0,0,0,0
"1519","Zacatecas",2011,0.330132042913204,0,1,0,0,0,0,0,0,0,0,0
"1520","Zacatecas",2011,0.330132042913204,0,1,0,0,0,0,0,0,0,1,0
"1521","Zacatecas",2011,0.330132042913204,0,1,0,0,0,0,0,0,0,0,0
"1522","Zacatecas",2011,0.330132042913204,0,1,0,0,0,0,0,0,0,0,0
"1523","Zacatecas",2011,2.64105634330563,0,3,0,0,2,0,0,0,0,1,0
"1524","Zacatecas",2011,0.660264085826408,0,1,0,0,0,0,0,0,0,0,0
"1525","Zacatecas",2011,0.990396128739612,0,1,1,0,0,0,0,0,0,0,0
